n;k1;k2;k3;k4;k5;k6;k7;k8;k9;k10;k11;k12
1;0.01;0.34;0.47;0.49;0.28;0.71;0.99;0.99;1;0.78;1;1
2;0.01;0.38;0.47;0.47;0.66;0.94;0.65;0.99;0.74;0.78;0.89;1
3;0.01;0.36;0.38;0.47;0.9;0.74;0.99;0.65;0.99;0.78;1;1
4;0.01;0.32;0.48;0.47;0.86;0.96;0.65;0.98;1;0.78;1;0.75
5;0.01;0.29;0.43;0.48;0.86;0.69;0.99;0.98;0.74;0.78;0.89;1
6;0.01;0.3;0.41;0.48;0.86;0.91;0.65;1;0.99;0.78;1;1
7;0.01;0.27;0.45;0.44;0.86;0.59;0.99;1;1;0.78;1;1
8;0.01;0.26;0.47;0.49;0.86;0.96;0.65;0.74;0.74;0.78;0.89;1
9;0.01;0.44;0.45;0.48;0.86;0.93;0.99;0.74;0.99;0.78;1;1
10;0.01;0.3;0.43;0.45;0.86;0.71;0.65;0.99;1;0.78;1;1
11;0.01;0.32;0.41;0.47;0.86;0.94;0.99;0.99;0.74;0.78;0.89;1
12;0.01;0.36;0.45;0.46;0.86;0.74;0.65;0.65;0.99;0.78;1;1
13;0.01;0.31;0.42;0.48;0.86;0.96;0.99;0.98;1;0.78;1;0.75
14;0.01;0.31;0.45;0.44;0.86;0.69;0.65;0.98;0.74;0.78;0.89;1
15;0.01;0.29;0.4;0.49;0.86;0.91;0.99;1;0.99;0.78;1;1
16;0.01;0.3;0.4;0.48;0.86;0.59;0.65;1;1;0.78;1;1
17;0.01;0.27;0.44;0.45;0.86;0.96;0.99;0.74;0.74;0.78;0.89;1
18;0.01;0.26;0.41;0.47;0.86;0.93;0.65;0.74;0.99;0.78;1;1
19;0.01;0.44;0.45;0.46;0.86;0.71;0.99;0.99;1;0.78;1;1
20;0.01;0.3;0.42;0.48;0.86;0.94;0.65;0.99;0.74;0.78;0.89;1
21;0.01;0.32;0.45;0.44;0.86;0.74;0.99;0.65;0.99;0.78;1;1
22;0.01;0.36;0.4;0.49;0.86;0.96;0.65;0.98;1;0.78;1;0.75
23;0.01;0.31;0.4;0.48;0.86;0.69;0.99;0.98;0.74;0.78;0.89;1
24;0.01;0.31;0.44;0.45;0.86;0.91;0.65;1;0.99;0.78;1;1
25;0.01;0.29;0.41;0.47;0.86;0.59;0.99;1;1;0.78;1;1
26;0.01;0.3;0.45;0.46;0.86;0.96;0.65;0.74;0.74;0.78;0.89;1
27;0.01;0.27;0.42;0.48;0.86;0.93;0.99;0.74;0.99;0.78;1;1
28;0.01;0.26;0.45;0.44;0.86;0.71;0.65;0.99;1;0.78;1;1
29;0.01;0.44;0.4;0.49;0.86;0.94;0.99;0.99;0.74;0.78;0.89;1
30;0.01;0.3;0.4;0.48;0.86;0.74;0.65;0.65;0.99;0.78;1;1
31;0.01;0.32;0.44;0.45;0.86;0.96;0.99;0.98;1;0.78;1;0.75
32;0.01;0.36;0.41;0.47;0.86;0.69;0.65;0.98;0.74;0.78;0.89;1
33;0.01;0.31;0.45;0.46;0.86;0.91;0.99;1;0.99;0.78;1;1
34;0.01;0.31;0.42;0.48;0.86;0.59;0.65;1;1;0.78;1;1
35;0.01;0.29;0.45;0.44;0.86;0.96;0.99;0.74;0.74;0.78;0.89;1
36;0.01;0.3;0.4;0.49;0.86;0.93;0.65;0.74;0.99;0.78;1;1
37;0.01;0.27;0.4;0.48;0.86;0.71;0.99;0.99;1;0.78;1;1
38;0.01;0.26;0.44;0.45;0.86;0.94;0.65;0.99;0.74;0.78;0.89;1
39;0.01;0.44;0.41;0.47;0.86;0.74;0.99;0.65;0.99;0.78;1;1
40;0.01;0.3;0.45;0.46;0.86;0.96;0.65;0.98;1;0.78;1;0.75
41;0.01;0.32;0.42;0.48;0.86;0.69;0.99;0.98;0.74;0.78;0.89;1
42;0.01;0.36;0.45;0.44;0.86;0.91;0.65;1;0.99;0.78;1;1
43;0.01;0.31;0.4;0.49;0.86;0.59;0.99;1;1;0.78;1;1
44;0.01;0.31;0.4;0.48;0.86;0.96;0.65;0.74;0.74;0.78;0.89;1
45;0.01;0.29;0.44;0.45;0.86;0.93;0.99;0.74;0.99;0.78;1;1
46;0.01;0.3;0.41;0.47;0.86;0.71;0.65;0.99;1;0.78;1;1
47;0.01;0.27;0.45;0.46;0.86;0.94;0.99;0.99;0.74;0.78;0.89;1
48;0.01;0.26;0.42;0.48;0.86;0.74;0.65;0.65;0.99;0.78;1;1
49;0.01;0.44;0.45;0.44;0.86;0.96;0.99;0.98;1;0.78;1;0.75
50;0.01;0.3;0.4;0.49;0.86;0.69;0.65;0.98;0.74;0.78;0.89;1
51;0.01;0.32;0.4;0.48;0.86;0.91;0.99;1;0.99;0.78;1;1
52;0.01;0.36;0.44;0.45;0.86;0.59;0.65;1;1;0.78;1;1
53;0.01;0.31;0.41;0.47;0.86;0.96;0.99;0.74;0.74;0.78;0.89;1
54;0.01;0.31;0.45;0.46;0.86;0.93;0.65;0.74;0.99;0.78;1;1
55;0.01;0.29;0.42;0.48;0.86;0.71;0.99;0.99;1;0.78;1;1
56;0.01;0.3;0.45;0.44;0.86;0.94;0.65;0.99;0.74;0.78;0.89;1
57;0.01;0.27;0.4;0.49;0.86;0.74;0.99;0.65;0.99;0.78;1;1
58;0.01;0.26;0.4;0.48;0.86;0.96;0.65;0.98;1;0.78;1;0.75
59;0.01;0.44;0.44;0.45;0.86;0.69;0.99;0.98;0.74;0.78;0.89;1
60;0.01;0.3;0.41;0.47;0.86;0.91;0.65;1;0.99;0.78;1;1
61;0.01;0.32;0.45;0.46;0.86;0.59;0.99;1;1;0.78;1;1
62;0.01;0.36;0.42;0.48;0.86;0.96;0.65;0.74;0.74;0.78;0.89;1
63;0.01;0.31;0.45;0.44;0.86;0.93;0.99;0.74;0.99;0.78;1;1
64;0.01;0.31;0.4;0.49;0.86;0.71;0.65;0.99;1;0.78;1;1
65;0.01;0.29;0.4;0.48;0.86;0.94;0.99;0.99;0.74;0.78;0.89;1
66;0.01;0.3;0.44;0.45;0.86;0.74;0.65;0.65;0.99;0.78;1;1
67;0.01;0.27;0.41;0.47;0.86;0.96;0.99;0.98;1;0.78;1;0.75
68;0.01;0.26;0.45;0.46;0.86;0.69;0.65;0.98;0.74;0.78;0.89;1
69;0.01;0.44;0.42;0.48;0.86;0.91;0.99;1;0.99;0.78;1;1
70;0.01;0.3;0.45;0.44;0.86;0.59;0.65;1;1;0.78;1;1
71;0.01;0.32;0.4;0.49;0.86;0.96;0.99;0.74;0.74;0.78;0.89;1
72;0.01;0.36;0.4;0.48;0.86;0.93;0.65;0.74;0.99;0.78;1;1
73;0.01;0.31;0.44;0.45;0.86;0.71;0.99;0.99;1;0.78;1;1
74;0.01;0.31;0.41;0.47;0.86;0.94;0.65;0.99;0.74;0.78;0.89;1
75;0.01;0.29;0.45;0.46;0.86;0.74;0.99;0.65;0.99;0.78;1;1
76;0.01;0.3;0.42;0.48;0.86;0.96;0.65;0.98;1;0.78;1;0.75
77;0.01;0.27;0.45;0.44;0.86;0.69;0.99;0.98;0.74;0.78;0.89;1
78;0.01;0.26;0.4;0.49;0.86;0.91;0.65;1;0.99;0.78;1;1
79;0.01;0.44;0.4;0.48;0.86;0.59;0.99;1;1;0.78;1;1
80;0.01;0.3;0.44;0.45;0.86;0.96;0.65;0.74;0.74;0.78;0.89;1
81;0.01;0.32;0.41;0.47;0.86;0.93;0.99;0.74;0.99;0.78;1;1
82;0.01;0.36;0.45;0.46;0.86;0.71;0.65;0.99;1;0.78;1;1
83;0.01;0.31;0.42;0.48;0.86;0.94;0.99;0.99;0.74;0.78;0.89;1
84;0.01;0.31;0.45;0.44;0.86;0.74;0.65;0.65;0.99;0.78;1;1
85;0.01;0.29;0.4;0.49;0.86;0.96;0.99;0.98;1;0.78;1;0.75
86;0.01;0.3;0.4;0.48;0.86;0.69;0.65;0.98;0.74;0.78;0.89;1
87;0.01;0.27;0.44;0.45;0.86;0.91;0.99;1;0.99;0.78;1;1
88;0.01;0.26;0.41;0.47;0.86;0.59;0.65;1;1;0.78;1;1
89;0.01;0.44;0.45;0.46;0.86;0.96;0.99;0.74;0.74;0.78;0.89;1
90;0.01;0.3;0.42;0.48;0.86;0.93;0.65;0.74;0.99;0.78;1;1
91;0.01;0.32;0.45;0.44;0.86;0.71;0.99;0.99;1;0.78;1;1
92;0.01;0.36;0.4;0.49;0.86;0.94;0.65;0.99;0.74;0.78;0.89;1
93;0.01;0.31;0.4;0.48;0.86;0.74;0.99;0.65;0.99;0.78;1;1
94;0.01;0.31;0.44;0.45;0.86;0.96;0.65;0.98;1;0.78;1;0.75
95;0.01;0.29;0.41;0.47;0.86;0.69;0.99;0.98;0.74;0.78;0.89;1
96;0.01;0.3;0.45;0.46;0.86;0.91;0.65;1;0.99;0.78;1;1
97;0.01;0.27;0.42;0.48;0.86;0.59;0.99;1;1;0.78;1;1
98;0.01;0.26;0.45;0.44;0.86;0.96;0.65;0.74;0.74;0.78;0.89;1
99;0.01;0.44;0.4;0.49;0.86;0.93;0.99;0.74;0.99;0.78;1;1
100;0.01;0.3;0.4;0.48;0.86;0.71;0.65;0.99;1;0.78;1;1
101;0.01;0.32;0.44;0.45;0.86;0.94;0.99;0.99;0.74;0.78;0.89;1
102;0.01;0.36;0.41;0.47;0.86;0.74;0.65;0.65;0.99;0.78;1;1
103;0.01;0.31;0.45;0.46;0.86;0.96;0.99;0.98;1;0.78;1;0.75
104;0.01;0.31;0.42;0.48;0.86;0.69;0.65;0.98;0.74;0.78;0.89;1
105;0.01;0.29;0.45;0.44;0.86;0.91;0.99;1;0.99;0.78;1;1
106;0.01;0.3;0.4;0.49;0.86;0.59;0.65;1;1;0.78;1;1
107;0.01;0.27;0.4;0.48;0.86;0.96;0.99;0.74;0.74;0.78;0.89;1
108;0.01;0.26;0.44;0.45;0.86;0.93;0.65;0.74;0.99;0.78;1;1
109;0.01;0.44;0.41;0.47;0.86;0.71;0.99;0.99;1;0.78;1;1
110;0.01;0.3;0.45;0.46;0.86;0.94;0.65;0.99;0.74;0.78;0.89;1
111;0.01;0.32;0.42;0.48;0.86;0.74;0.99;0.65;0.99;0.78;1;1
112;0.01;0.36;0.45;0.44;0.86;0.96;0.65;0.98;1;0.78;1;0.75
113;0.01;0.31;0.4;0.49;0.86;0.69;0.99;0.98;0.74;0.78;0.89;1
114;0.01;0.31;0.4;0.48;0.86;0.91;0.65;1;0.99;0.78;1;1
115;0.01;0.29;0.44;0.45;0.86;0.59;0.99;1;1;0.78;1;1
116;0.01;0.3;0.41;0.47;0.86;0.96;0.65;0.74;0.74;0.78;0.89;1
117;0.01;0.27;0.45;0.46;0.86;0.93;0.99;0.74;0.99;0.78;1;1
118;0.01;0.26;0.42;0.48;0.86;0.71;0.65;0.99;1;0.78;1;1
119;0.01;0.44;0.45;0.44;0.86;0.94;0.99;0.99;0.74;0.78;0.89;1
120;0.01;0.3;0.4;0.49;0.86;0.74;0.65;0.65;0.99;0.78;1;1
121;0.01;0.32;0.4;0.48;0.86;0.96;0.99;0.98;1;0.78;1;0.75
122;0.01;0.36;0.44;0.45;0.86;0.69;0.65;0.98;0.74;0.78;0.89;1
123;0.01;0.31;0.41;0.47;0.86;0.91;0.99;1;0.99;0.78;1;1
124;0.01;0.31;0.45;0.46;0.86;0.59;0.65;1;1;0.78;1;1
125;0.01;0.29;0.42;0.48;0.86;0.96;0.99;0.74;0.74;0.78;0.89;1
126;0.01;0.3;0.45;0.44;0.86;0.93;0.65;0.74;0.99;0.78;1;1
127;0.01;0.27;0.4;0.49;0.86;0.71;0.99;0.99;1;0.78;1;1
128;0.01;0.26;0.4;0.48;0.86;0.94;0.65;0.99;0.74;0.78;0.89;1
129;0.01;0.44;0.44;0.45;0.86;0.74;0.99;0.65;0.99;0.78;1;1
130;0.01;0.3;0.41;0.47;0.86;0.96;0.65;0.98;1;0.78;1;0.75
131;0.01;0.32;0.45;0.46;0.86;0.69;0.99;0.98;0.74;0.78;0.89;1
132;0.01;0.36;0.42;0.48;0.86;0.91;0.65;1;0.99;0.78;1;1
133;0.01;0.31;0.45;0.44;0.86;0.59;0.99;1;1;0.78;1;1
134;0.01;0.31;0.4;0.49;0.86;0.96;0.65;0.74;0.74;0.78;0.89;1
135;0.01;0.29;0.4;0.48;0.86;0.93;0.99;0.74;0.99;0.78;1;1
136;0.01;0.3;0.44;0.45;0.86;0.71;0.65;0.99;1;0.78;1;1
137;0.01;0.27;0.41;0.47;0.86;0.94;0.99;0.99;0.74;0.78;0.89;1
138;0.01;0.26;0.45;0.46;0.86;0.74;0.65;0.65;0.99;0.78;1;1
139;0.01;0.44;0.42;0.48;0.86;0.96;0.99;0.98;1;0.78;1;0.75
140;0.01;0.3;0.45;0.44;0.86;0.69;0.65;0.98;0.74;0.78;0.89;1
141;0.01;0.32;0.4;0.49;0.86;0.91;0.99;1;0.99;0.78;1;1
142;0.01;0.36;0.4;0.48;0.86;0.59;0.65;1;1;0.78;1;1
143;0.01;0.31;0.44;0.45;0.86;0.96;0.99;0.74;0.74;0.78;0.89;1
144;0.01;0.31;0.41;0.47;0.86;0.93;0.65;0.74;0.99;0.78;1;1
145;0.01;0.29;0.45;0.46;0.86;0.71;0.99;0.99;1;0.78;1;1
146;0.01;0.3;0.42;0.48;0.86;0.94;0.65;0.99;0.74;0.78;0.89;1
147;0.01;0.27;0.45;0.44;0.86;0.74;0.99;0.65;0.99;0.78;1;1
148;0.01;0.26;0.4;0.49;0.86;0.96;0.65;0.98;1;0.78;1;0.75
149;0.01;0.44;0.4;0.48;0.86;0.69;0.99;0.98;0.74;0.78;0.89;1
150;0.01;0.3;0.44;0.45;0.86;0.91;0.65;1;0.99;0.78;1;1
151;0.01;0.32;0.41;0.47;0.86;0.59;0.99;1;1;0.78;1;1
152;0.01;0.36;0.45;0.46;0.86;0.96;0.65;0.74;0.74;0.78;0.89;1
153;0.01;0.31;0.42;0.48;0.86;0.93;0.99;0.74;0.99;0.78;1;1
154;0.01;0.31;0.45;0.44;0.86;0.71;0.65;0.99;1;0.78;1;1
155;0.01;0.29;0.4;0.49;0.86;0.94;0.99;0.99;0.74;0.78;0.89;1
156;0.01;0.3;0.4;0.48;0.86;0.74;0.65;0.65;0.99;0.78;1;1
157;0.01;0.27;0.44;0.45;0.86;0.96;0.99;0.98;1;0.78;1;0.75
158;0.01;0.26;0.41;0.47;0.86;0.69;0.65;0.98;0.74;0.78;0.89;1
159;0.01;0.44;0.45;0.46;0.86;0.91;0.99;1;0.99;0.78;1;1
160;0.01;0.3;0.42;0.48;0.86;0.59;0.65;1;1;0.78;1;1
161;0.01;0.32;0.45;0.44;0.86;0.96;0.99;0.74;0.74;0.78;0.89;1
162;0.01;0.36;0.4;0.49;0.86;0.93;0.65;0.74;0.99;0.78;1;1
163;0.01;0.31;0.4;0.48;0.86;0.71;0.99;0.99;1;0.78;1;1
164;0.01;0.31;0.44;0.45;0.86;0.94;0.65;0.99;0.74;0.78;0.89;1
165;0.01;0.29;0.41;0.47;0.86;0.74;0.99;0.65;0.99;0.78;1;1
166;0.01;0.3;0.45;0.46;0.86;0.96;0.65;0.98;1;0.78;1;0.75
167;0.01;0.27;0.42;0.48;0.86;0.69;0.99;0.98;0.74;0.78;0.89;1
168;0.01;0.26;0.45;0.44;0.86;0.91;0.65;1;0.99;0.78;1;1
169;0.01;0.44;0.4;0.49;0.86;0.59;0.99;1;1;0.78;1;1
170;0.01;0.3;0.4;0.48;0.86;0.96;0.65;0.74;0.74;0.78;0.89;1
171;0.01;0.32;0.44;0.45;0.86;0.93;0.99;0.74;0.99;0.78;1;1
172;0.01;0.36;0.41;0.47;0.86;0.71;0.65;0.99;1;0.78;1;1
173;0.01;0.31;0.45;0.46;0.86;0.94;0.99;0.99;0.74;0.78;0.89;1
174;0.01;0.31;0.42;0.48;0.86;0.74;0.65;0.65;0.99;0.78;1;1
175;0.01;0.29;0.45;0.44;0.86;0.96;0.99;0.98;1;0.78;1;0.75
176;0.01;0.3;0.4;0.49;0.86;0.69;0.65;0.98;0.74;0.78;0.89;1
177;0.01;0.27;0.4;0.48;0.86;0.91;0.99;1;0.99;0.78;1;1
178;0.01;0.26;0.44;0.45;0.86;0.59;0.65;1;1;0.78;1;1
179;0.01;0.44;0.41;0.47;0.86;0.96;0.99;0.74;0.74;0.78;0.89;1
180;0.01;0.3;0.45;0.46;0.86;0.93;0.65;0.74;0.99;0.78;1;1
181;0.01;0.32;0.42;0.48;0.86;0.71;0.99;0.99;1;0.78;1;1
182;0.01;0.36;0.45;0.44;0.86;0.94;0.65;0.99;0.74;0.78;0.89;1
183;0.01;0.31;0.4;0.49;0.86;0.74;0.99;0.65;0.99;0.78;1;1
184;0.01;0.31;0.4;0.48;0.86;0.96;0.65;0.98;1;0.78;1;0.75
185;0.01;0.29;0.44;0.45;0.86;0.69;0.99;0.98;0.74;0.78;0.89;1
186;0.01;0.3;0.41;0.47;0.86;0.91;0.65;1;0.99;0.78;1;1
187;0.01;0.27;0.45;0.46;0.86;0.59;0.99;1;1;0.78;1;1
188;0.01;0.26;0.42;0.48;0.86;0.96;0.65;0.74;0.74;0.78;0.89;1
189;0.01;0.44;0.45;0.44;0.86;0.93;0.99;0.74;0.99;0.78;1;1
190;0.01;0.3;0.4;0.49;0.86;0.71;0.65;0.99;1;0.78;1;1
191;0.01;0.32;0.4;0.48;0.86;0.94;0.99;0.99;0.74;0.78;0.89;1
192;0.01;0.36;0.44;0.45;0.86;0.74;0.65;0.65;0.99;0.78;1;1
193;0.01;0.31;0.41;0.47;0.86;0.96;0.99;0.98;1;0.78;1;0.75
194;0.01;0.31;0.45;0.46;0.86;0.69;0.65;0.98;0.74;0.78;0.89;1
195;0.01;0.29;0.42;0.48;0.86;0.91;0.99;1;0.99;0.78;1;1
196;0.01;0.3;0.45;0.44;0.86;0.59;0.65;1;1;0.78;1;1
197;0.01;0.27;0.4;0.49;0.86;0.96;0.99;0.74;0.74;0.78;0.89;1
198;0.01;0.26;0.4;0.48;0.86;0.93;0.65;0.74;0.99;0.78;1;1
199;0.01;0.44;0.44;0.45;0.86;0.71;0.99;0.99;1;0.78;1;1
200;0.01;0.3;0.41;0.47;0.86;0.94;0.65;0.99;0.74;0.78;0.89;1
201;0.01;0.32;0.45;0.46;0.86;0.74;0.99;0.65;0.99;0.78;1;1
202;0.01;0.36;0.42;0.48;0.86;0.96;0.65;0.98;1;0.78;1;0.75
203;0.01;0.31;0.45;0.44;0.86;0.69;0.99;0.98;0.74;0.78;0.89;1
204;0.01;0.31;0.4;0.49;0.86;0.91;0.65;1;0.99;0.78;1;1
205;0.01;0.29;0.4;0.48;0.86;0.59;0.99;1;1;0.78;1;1
206;0.01;0.3;0.44;0.45;0.86;0.96;0.65;0.74;0.74;0.78;0.89;1
207;0.01;0.27;0.41;0.47;0.86;0.93;0.99;0.74;0.99;0.78;1;1
208;0.01;0.26;0.45;0.46;0.86;0.71;0.65;0.99;1;0.78;1;1
209;0.01;0.44;0.42;0.48;0.86;0.94;0.99;0.99;0.74;0.78;0.89;1
210;0.01;0.3;0.45;0.44;0.86;0.74;0.65;0.65;0.99;0.78;1;1
211;0.01;0.32;0.4;0.49;0.86;0.96;0.99;0.98;1;0.78;1;0.75
212;0.01;0.36;0.4;0.48;0.86;0.69;0.65;0.98;0.74;0.78;0.89;1
213;0.01;0.31;0.44;0.45;0.86;0.91;0.99;1;0.99;0.78;1;1
214;0.01;0.31;0.41;0.47;0.86;0.59;0.65;1;1;0.78;1;1
215;0.01;0.29;0.45;0.46;0.86;0.96;0.99;0.74;0.74;0.78;0.89;1
216;0.01;0.3;0.42;0.48;0.86;0.93;0.65;0.74;0.99;0.78;1;1
217;0.01;0.27;0.45;0.44;0.86;0.71;0.99;0.99;1;0.78;1;1
218;0.01;0.26;0.4;0.49;0.86;0.94;0.65;0.99;0.74;0.78;0.89;1
219;0.01;0.44;0.4;0.48;0.86;0.74;0.99;0.65;0.99;0.78;1;1
220;0.01;0.3;0.44;0.45;0.86;0.96;0.65;0.98;1;0.78;1;0.75
221;0.01;0.32;0.41;0.47;0.86;0.69;0.99;0.98;0.74;0.78;0.89;1
222;0.01;0.36;0.45;0.46;0.86;0.91;0.65;1;0.99;0.78;1;1
223;0.01;0.31;0.42;0.48;0.86;0.59;0.99;1;1;0.78;1;1
224;0.01;0.31;0.45;0.44;0.86;0.96;0.65;0.74;0.74;0.78;0.89;1
225;0.01;0.29;0.4;0.49;0.86;0.93;0.99;0.74;0.99;0.78;1;1
226;0.01;0.3;0.4;0.48;0.86;0.71;0.65;0.99;1;0.78;1;1
227;0.01;0.27;0.44;0.45;0.86;0.94;0.99;0.99;0.74;0.78;0.89;1
228;0.01;0.26;0.41;0.47;0.86;0.74;0.65;0.65;0.99;0.78;1;1
229;0.01;0.44;0.45;0.46;0.86;0.96;0.99;0.98;1;0.78;1;0.75
230;0.01;0.3;0.42;0.48;0.86;0.69;0.65;0.98;0.74;0.78;0.89;1
231;0.01;0.32;0.45;0.44;0.86;0.91;0.99;1;0.99;0.78;1;1
232;0.01;0.36;0.4;0.49;0.86;0.59;0.65;1;1;0.78;1;1
233;0.01;0.31;0.4;0.48;0.86;0.96;0.99;0.74;0.74;0.78;0.89;1
234;0.01;0.31;0.44;0.45;0.86;0.93;0.65;0.74;0.99;0.78;1;1
235;0.01;0.29;0.41;0.47;0.86;0.71;0.99;0.99;1;0.78;1;1
236;0.01;0.3;0.45;0.46;0.86;0.94;0.65;0.99;0.74;0.78;0.89;1
237;0.01;0.27;0.42;0.48;0.86;0.74;0.99;0.65;0.99;0.78;1;1
238;0.01;0.26;0.45;0.44;0.86;0.96;0.65;0.98;1;0.78;1;0.75
239;0.01;0.44;0.4;0.49;0.86;0.69;0.99;0.98;0.74;0.78;0.89;1
240;0.01;0.3;0.4;0.48;0.86;0.91;0.65;1;0.99;0.78;1;1
241;0.01;0.32;0.44;0.45;0.86;0.59;0.99;1;1;0.78;1;1
242;0.01;0.36;0.41;0.47;0.86;0.96;0.65;0.74;0.74;0.78;0.89;1
243;0.01;0.31;0.45;0.46;0.86;0.93;0.99;0.74;0.99;0.78;1;1
244;0.01;0.31;0.42;0.48;0.86;0.71;0.65;0.99;1;0.78;1;1
245;0.01;0.29;0.45;0.44;0.86;0.94;0.99;0.99;0.74;0.78;0.89;1
246;0.01;0.3;0.4;0.49;0.86;0.74;0.65;0.65;0.99;0.78;1;1
247;0.01;0.27;0.4;0.48;0.86;0.96;0.99;0.98;1;0.78;1;0.75
248;0.01;0.26;0.44;0.45;0.86;0.69;0.65;0.98;0.74;0.78;0.89;1
249;0.01;0.44;0.41;0.47;0.86;0.91;0.99;1;0.99;0.78;1;1
250;0.01;0.3;0.45;0.46;0.86;0.59;0.65;1;1;0.78;1;1
251;0.01;0.32;0.42;0.48;0.86;0.96;0.99;0.74;0.74;0.78;0.89;1
252;0.01;0.36;0.45;0.44;0.86;0.93;0.65;0.74;0.99;0.78;1;1
253;0.01;0.31;0.4;0.49;0.86;0.71;0.99;0.99;1;0.78;1;1
254;0.01;0.31;0.4;0.48;0.86;0.94;0.65;0.99;0.74;0.78;0.89;1
255;0.01;0.29;0.44;0.45;0.86;0.74;0.99;0.65;0.99;0.78;1;1
256;0.01;0.3;0.41;0.47;0.86;0.96;0.65;0.98;1;0.78;1;0.75
257;0.01;0.27;0.45;0.46;0.86;0.69;0.99;0.98;0.74;0.78;0.89;1
258;0.01;0.26;0.42;0.48;0.86;0.91;0.65;1;0.99;0.78;1;1
259;0.01;0.44;0.45;0.44;0.86;0.59;0.99;1;1;0.78;1;1
260;0.01;0.3;0.4;0.49;0.86;0.96;0.65;0.74;0.74;0.78;0.89;1
261;0.01;0.32;0.4;0.48;0.86;0.93;0.99;0.74;0.99;0.78;1;1
262;0.01;0.36;0.44;0.45;0.86;0.71;0.65;0.99;1;0.78;1;1
263;0.01;0.31;0.41;0.47;0.86;0.94;0.99;0.99;0.74;0.78;0.89;1
264;0.01;0.31;0.45;0.46;0.86;0.74;0.65;0.65;0.99;0.78;1;1
265;0.01;0.29;0.42;0.48;0.86;0.96;0.99;0.98;1;0.78;1;0.75
266;0.01;0.3;0.45;0.44;0.86;0.69;0.65;0.98;0.74;0.78;0.89;1
267;0.01;0.27;0.4;0.49;0.86;0.91;0.99;1;0.99;0.78;1;1
268;0.01;0.26;0.4;0.48;0.86;0.59;0.65;1;1;0.78;1;1
269;0.01;0.44;0.44;0.45;0.86;0.96;0.99;0.74;0.74;0.78;0.89;1
270;0.01;0.3;0.41;0.47;0.86;0.93;0.65;0.74;0.99;0.78;1;1
271;0.01;0.32;0.45;0.46;0.86;0.71;0.99;0.99;1;0.78;1;1
272;0.01;0.36;0.42;0.48;0.86;0.94;0.65;0.99;0.74;0.78;0.89;1
273;0.01;0.31;0.45;0.44;0.86;0.74;0.99;0.65;0.99;0.78;1;1
274;0.01;0.31;0.4;0.49;0.86;0.96;0.65;0.98;1;0.78;1;0.75
275;0.01;0.29;0.4;0.48;0.86;0.69;0.99;0.98;0.74;0.78;0.89;1
276;0.01;0.3;0.44;0.45;0.86;0.91;0.65;1;0.99;0.78;1;1
277;0.01;0.27;0.41;0.47;0.86;0.59;0.99;1;1;0.78;1;1
278;0.01;0.26;0.45;0.46;0.86;0.96;0.65;0.74;0.74;0.78;0.89;1
279;0.01;0.44;0.42;0.48;0.86;0.93;0.99;0.74;0.99;0.78;1;1
280;0.01;0.3;0.45;0.44;0.86;0.71;0.65;0.99;1;0.78;1;1
281;0.01;0.32;0.4;0.49;0.86;0.94;0.99;0.99;0.74;0.78;0.89;1
282;0.01;0.36;0.4;0.48;0.86;0.74;0.65;0.65;0.99;0.78;1;1
283;0.01;0.31;0.44;0.45;0.86;0.96;0.99;0.98;1;0.78;1;0.75
284;0.01;0.31;0.41;0.47;0.86;0.69;0.65;0.98;0.74;0.78;0.89;1
285;0.01;0.29;0.45;0.46;0.86;0.91;0.99;1;0.99;0.78;1;1
286;0.01;0.3;0.42;0.48;0.86;0.59;0.65;1;1;0.78;1;1
287;0.01;0.27;0.45;0.44;0.86;0.96;0.99;0.74;0.74;0.78;0.89;1
288;0.01;0.26;0.4;0.49;0.86;0.93;0.65;0.74;0.99;0.78;1;1
289;0.01;0.44;0.4;0.48;0.86;0.71;0.99;0.99;1;0.78;1;1
290;0.01;0.3;0.44;0.45;0.86;0.94;0.65;0.99;0.74;0.78;0.89;1
291;0.01;0.32;0.41;0.47;0.86;0.74;0.99;0.65;0.99;0.78;1;1
292;0.01;0.36;0.45;0.46;0.86;0.96;0.65;0.98;1;0.78;1;0.75
293;0.01;0.31;0.42;0.48;0.86;0.69;0.99;0.98;0.74;0.78;0.89;1
294;0.01;0.31;0.45;0.44;0.86;0.91;0.65;1;0.99;0.78;1;1
295;0.01;0.29;0.4;0.49;0.86;0.59;0.99;1;1;0.78;1;1
296;0.01;0.3;0.4;0.48;0.86;0.96;0.65;0.74;0.74;0.78;0.89;1
297;0.01;0.27;0.44;0.45;0.86;0.93;0.99;0.74;0.99;0.78;1;1
298;0.01;0.26;0.41;0.47;0.86;0.71;0.65;0.99;1;0.78;1;1
299;0.01;0.44;0.45;0.46;0.86;0.94;0.99;0.99;0.74;0.78;0.89;1
300;0.01;0.3;0.42;0.48;0.86;0.74;0.65;0.65;0.99;0.78;1;1
301;0.01;0.32;0.45;0.44;0.86;0.96;0.99;0.98;1;0.78;1;0.75
302;0.01;0.36;0.4;0.49;0.86;0.69;0.65;0.98;0.74;0.78;0.89;1
303;0.01;0.31;0.4;0.48;0.86;0.91;0.99;1;0.99;0.78;1;1
304;0.01;0.31;0.44;0.45;0.86;0.59;0.65;1;1;0.78;1;1
305;0.01;0.29;0.41;0.47;0.86;0.96;0.99;0.74;0.74;0.78;0.89;1
306;0.01;0.3;0.45;0.46;0.86;0.93;0.65;0.74;0.99;0.78;1;1
307;0.01;0.27;0.42;0.48;0.86;0.71;0.99;0.99;1;0.78;1;1
308;0.01;0.26;0.45;0.44;0.86;0.94;0.65;0.99;0.74;0.78;0.89;1
309;0.01;0.44;0.4;0.49;0.86;0.74;0.99;0.65;0.99;0.78;1;1
310;0.01;0.3;0.4;0.48;0.86;0.96;0.65;0.98;1;0.78;1;0.75
311;0.01;0.32;0.44;0.45;0.86;0.69;0.99;0.98;0.74;0.78;0.89;1
312;0.01;0.36;0.41;0.47;0.86;0.91;0.65;1;0.99;0.78;1;1
313;0.01;0.31;0.45;0.46;0.86;0.59;0.99;1;1;0.78;1;1
314;0.01;0.31;0.42;0.48;0.86;0.96;0.65;0.74;0.74;0.78;0.89;1
315;0.01;0.29;0.45;0.44;0.86;0.93;0.99;0.74;0.99;0.78;1;1
316;0.01;0.3;0.4;0.49;0.86;0.71;0.65;0.99;1;0.78;1;1
317;0.01;0.27;0.4;0.48;0.86;0.94;0.99;0.99;0.74;0.78;0.89;1
318;0.01;0.26;0.44;0.45;0.86;0.74;0.65;0.65;0.99;0.78;1;1
319;0.01;0.44;0.41;0.47;0.86;0.96;0.99;0.98;1;0.78;1;0.75
320;0.01;0.3;0.45;0.46;0.86;0.69;0.65;0.98;0.74;0.78;0.89;1
321;0.01;0.32;0.42;0.48;0.86;0.91;0.99;1;0.99;0.78;1;1
322;0.01;0.36;0.45;0.44;0.86;0.59;0.65;1;1;0.78;1;1
323;0.01;0.31;0.4;0.49;0.86;0.96;0.99;0.74;0.74;0.78;0.89;1
324;0.01;0.31;0.4;0.48;0.86;0.93;0.65;0.74;0.99;0.78;1;1
325;0.01;0.29;0.44;0.45;0.86;0.71;0.99;0.99;1;0.78;1;1
326;0.01;0.3;0.41;0.47;0.86;0.94;0.65;0.99;0.74;0.78;0.89;1
327;0.01;0.27;0.45;0.46;0.86;0.74;0.99;0.65;0.99;0.78;1;1
328;0.01;0.26;0.42;0.48;0.86;0.96;0.65;0.98;1;0.78;1;0.75
329;0.01;0.44;0.45;0.44;0.86;0.69;0.99;0.98;0.74;0.78;0.89;1
330;0.01;0.3;0.4;0.49;0.86;0.91;0.65;1;0.99;0.78;1;1
331;0.01;0.32;0.4;0.48;0.86;0.59;0.99;1;1;0.78;1;1
332;0.01;0.36;0.44;0.45;0.86;0.96;0.65;0.74;0.74;0.78;0.89;1
333;0.01;0.31;0.41;0.47;0.86;0.93;0.99;0.74;0.99;0.78;1;1
334;0.01;0.31;0.45;0.46;0.86;0.71;0.65;0.99;1;0.78;1;1
335;0.01;0.29;0.42;0.48;0.86;0.94;0.99;0.99;0.74;0.78;0.89;1
336;0.01;0.3;0.45;0.44;0.86;0.74;0.65;0.65;0.99;0.78;1;1
337;0.01;0.27;0.4;0.49;0.86;0.96;0.99;0.98;1;0.78;1;0.75
338;0.01;0.26;0.4;0.48;0.86;0.69;0.65;0.98;0.74;0.78;0.89;1
339;0.01;0.44;0.44;0.45;0.86;0.91;0.99;1;0.99;0.78;1;1
340;0.01;0.3;0.41;0.47;0.86;0.59;0.65;1;1;0.78;1;1
341;0.01;0.32;0.45;0.46;0.86;0.96;0.99;0.74;0.74;0.78;0.89;1
342;0.01;0.36;0.42;0.48;0.86;0.93;0.65;0.74;0.99;0.78;1;1
343;0.01;0.31;0.45;0.44;0.86;0.71;0.99;0.99;1;0.78;1;1
344;0.01;0.31;0.4;0.49;0.86;0.94;0.65;0.99;0.74;0.78;0.89;1
345;0.01;0.29;0.4;0.48;0.86;0.74;0.99;0.65;0.99;0.78;1;1
346;0.01;0.3;0.44;0.45;0.86;0.96;0.65;0.98;1;0.78;1;0.75
347;0.01;0.27;0.41;0.47;0.86;0.69;0.99;0.98;0.74;0.78;0.89;1
348;0.01;0.26;0.45;0.46;0.86;0.91;0.65;1;0.99;0.78;1;1
349;0.01;0.44;0.42;0.48;0.86;0.59;0.99;1;1;0.78;1;1
350;0.01;0.3;0.45;0.44;0.86;0.96;0.65;0.74;0.74;0.78;0.89;1
351;0.01;0.32;0.4;0.49;0.86;0.93;0.99;0.74;0.99;0.78;1;1
352;0.01;0.36;0.4;0.48;0.86;0.71;0.65;0.99;1;0.78;1;1
353;0.01;0.31;0.44;0.45;0.86;0.94;0.99;0.99;0.74;0.78;0.89;1
354;0.01;0.31;0.41;0.47;0.86;0.74;0.65;0.65;0.99;0.78;1;1
355;0.01;0.29;0.45;0.46;0.86;0.96;0.99;0.98;1;0.78;1;0.75
356;0.01;0.3;0.42;0.48;0.86;0.69;0.65;0.98;0.74;0.78;0.89;1
357;0.01;0.27;0.45;0.44;0.86;0.91;0.99;1;0.99;0.78;1;1
358;0.01;0.26;0.4;0.49;0.86;0.59;0.65;1;1;0.78;1;1
359;0.01;0.44;0.4;0.48;0.86;0.96;0.99;0.74;0.74;0.78;0.89;1
360;0.01;0.3;0.44;0.45;0.86;0.93;0.65;0.74;0.99;0.78;1;1
361;0.01;0.32;0.41;0.47;0.86;0.71;0.99;0.99;1;0.78;1;1
362;0.01;0.36;0.45;0.46;0.86;0.94;0.65;0.99;0.74;0.78;0.89;1
363;0.01;0.31;0.42;0.48;0.86;0.74;0.99;0.65;0.99;0.78;1;1
364;0.01;0.31;0.45;0.44;0.86;0.96;0.65;0.98;1;0.78;1;0.75
365;0.01;0.29;0.4;0.49;0.86;0.69;0.99;0.98;0.74;0.78;0.89;1
366;0.01;0.3;0.4;0.48;0.86;0.91;0.65;1;0.99;0.78;1;1
367;0.01;0.27;0.44;0.45;0.86;0.59;0.99;1;1;0.78;1;1
368;0.01;0.26;0.41;0.47;0.86;0.96;0.65;0.74;0.74;0.78;0.89;1
369;0.01;0.44;0.45;0.46;0.86;0.93;0.99;0.74;0.99;0.78;1;1
370;0.01;0.3;0.42;0.48;0.86;0.71;0.65;0.99;1;0.78;1;1
371;0.01;0.32;0.45;0.44;0.86;0.94;0.99;0.99;0.74;0.78;0.89;1
372;0.01;0.36;0.4;0.49;0.86;0.74;0.65;0.65;0.99;0.78;1;1
373;0.01;0.31;0.4;0.48;0.86;0.96;0.99;0.98;1;0.78;1;0.75
374;0.01;0.31;0.44;0.45;0.86;0.69;0.65;0.98;0.74;0.78;0.89;1
375;0.01;0.29;0.41;0.47;0.86;0.91;0.99;1;0.99;0.78;1;1
376;0.01;0.3;0.45;0.46;0.86;0.59;0.65;1;1;0.78;1;1
377;0.01;0.27;0.42;0.48;0.86;0.96;0.99;0.74;0.74;0.78;0.89;1
378;0.01;0.26;0.45;0.44;0.86;0.93;0.65;0.74;0.99;0.78;1;1
379;0.01;0.44;0.4;0.49;0.86;0.71;0.99;0.99;1;0.78;1;1
380;0.01;0.3;0.4;0.48;0.86;0.94;0.65;0.99;0.74;0.78;0.89;1
381;0.01;0.32;0.44;0.45;0.86;0.74;0.99;0.65;0.99;0.78;1;1
382;0.01;0.36;0.41;0.47;0.86;0.96;0.65;0.98;1;0.78;1;0.75
383;0.01;0.31;0.45;0.46;0.86;0.69;0.99;0.98;0.74;0.78;0.89;1
384;0.01;0.31;0.42;0.48;0.86;0.91;0.65;1;0.99;0.78;1;1
385;0.01;0.29;0.45;0.44;0.86;0.59;0.99;1;1;0.78;1;1
386;0.01;0.3;0.4;0.49;0.86;0.96;0.65;0.74;0.74;0.78;0.89;1
387;0.01;0.27;0.4;0.48;0.86;0.93;0.99;0.74;0.99;0.78;1;1
388;0.01;0.26;0.44;0.45;0.86;0.71;0.65;0.99;1;0.78;1;1
389;0.01;0.44;0.41;0.47;0.86;0.94;0.99;0.99;0.74;0.78;0.89;1
390;0.01;0.3;0.45;0.46;0.86;0.74;0.65;0.65;0.99;0.78;1;1
391;0.01;0.32;0.42;0.48;0.86;0.96;0.99;0.98;1;0.78;1;0.75
392;0.01;0.36;0.45;0.44;0.86;0.69;0.65;0.98;0.74;0.78;0.89;1
393;0.01;0.31;0.4;0.49;0.86;0.91;0.99;1;0.99;0.78;1;1
394;0.01;0.31;0.4;0.48;0.86;0.59;0.65;1;1;0.78;1;1
395;0.01;0.29;0.44;0.45;0.86;0.96;0.99;0.74;0.74;0.78;0.89;1
396;0.01;0.3;0.41;0.47;0.86;0.93;0.65;0.74;0.99;0.78;1;1
397;0.01;0.27;0.45;0.46;0.86;0.71;0.99;0.99;1;0.78;1;1
398;0.01;0.26;0.42;0.48;0.86;0.94;0.65;0.99;0.74;0.78;0.89;1
399;0.01;0.44;0.45;0.44;0.86;0.74;0.99;0.65;0.99;0.78;1;1
400;0.01;0.3;0.4;0.49;0.86;0.96;0.65;0.98;1;0.78;1;0.75
401;0.01;0.32;0.4;0.48;0.86;0.69;0.99;0.98;0.74;0.78;0.89;1
402;0.01;0.36;0.44;0.45;0.86;0.91;0.65;1;0.99;0.78;1;1
403;0.01;0.31;0.41;0.47;0.86;0.59;0.99;1;1;0.78;1;1
404;0.01;0.31;0.45;0.46;0.86;0.96;0.65;0.74;0.74;0.78;0.89;1
405;0.01;0.29;0.42;0.48;0.86;0.93;0.99;0.74;0.99;0.78;1;1
406;0.01;0.3;0.45;0.44;0.86;0.71;0.65;0.99;1;0.78;1;1
407;0.01;0.27;0.4;0.49;0.86;0.94;0.99;0.99;0.74;0.78;0.89;1
408;0.01;0.26;0.4;0.48;0.86;0.74;0.65;0.65;0.99;0.78;1;1
409;0.01;0.44;0.44;0.45;0.86;0.96;0.99;0.98;1;0.78;1;0.75
410;0.01;0.3;0.41;0.47;0.86;0.69;0.65;0.98;0.74;0.78;0.89;1
411;0.01;0.32;0.45;0.46;0.86;0.91;0.99;1;0.99;0.78;1;1
412;0.01;0.36;0.42;0.48;0.86;0.59;0.65;1;1;0.78;1;1
413;0.01;0.31;0.45;0.44;0.86;0.96;0.99;0.74;0.74;0.78;0.89;1
414;0.01;0.31;0.4;0.49;0.86;0.93;0.65;0.74;0.99;0.78;1;1
415;0.01;0.29;0.4;0.48;0.86;0.71;0.99;0.99;1;0.78;1;1
416;0.01;0.3;0.44;0.45;0.86;0.94;0.65;0.99;0.74;0.78;0.89;1
417;0.01;0.27;0.41;0.47;0.86;0.74;0.99;0.65;0.99;0.78;1;1
418;0.01;0.26;0.45;0.46;0.86;0.96;0.65;0.98;1;0.78;1;0.75
419;0.01;0.44;0.42;0.48;0.86;0.69;0.99;0.98;0.74;0.78;0.89;1
420;0.01;0.3;0.45;0.44;0.86;0.91;0.65;1;0.99;0.78;1;1
421;0.01;0.32;0.4;0.49;0.86;0.59;0.99;1;1;0.78;1;1
422;0.01;0.36;0.4;0.48;0.86;0.96;0.65;0.74;0.74;0.78;0.89;1
423;0.01;0.31;0.44;0.45;0.86;0.93;0.99;0.74;0.99;0.78;1;1
424;0.01;0.31;0.41;0.47;0.86;0.71;0.65;0.99;1;0.78;1;1
425;0.01;0.29;0.45;0.46;0.86;0.94;0.99;0.99;0.74;0.78;0.89;1
426;0.01;0.3;0.42;0.48;0.86;0.74;0.65;0.65;0.99;0.78;1;1
427;0.01;0.27;0.45;0.44;0.86;0.96;0.99;0.98;1;0.78;1;0.75
428;0.01;0.26;0.4;0.49;0.86;0.69;0.65;0.98;0.74;0.78;0.89;1
429;0.01;0.44;0.4;0.48;0.86;0.91;0.99;1;0.99;0.78;1;1
430;0.01;0.3;0.44;0.45;0.86;0.59;0.65;1;1;0.78;1;1
431;0.01;0.32;0.41;0.47;0.86;0.96;0.99;0.74;0.74;0.78;0.89;1
432;0.01;0.36;0.45;0.46;0.86;0.93;0.65;0.74;0.99;0.78;1;1
433;0.01;0.31;0.42;0.48;0.86;0.71;0.99;0.99;1;0.78;1;1
434;0.01;0.31;0.45;0.44;0.86;0.94;0.65;0.99;0.74;0.78;0.89;1
435;0.01;0.29;0.4;0.49;0.86;0.74;0.99;0.65;0.99;0.78;1;1
436;0.01;0.3;0.4;0.48;0.86;0.96;0.65;0.98;1;0.78;1;0.75
437;0.01;0.27;0.44;0.45;0.86;0.69;0.99;0.98;0.74;0.78;0.89;1
438;0.01;0.26;0.41;0.47;0.86;0.91;0.65;1;0.99;0.78;1;1
439;0.01;0.44;0.45;0.46;0.86;0.59;0.99;1;1;0.78;1;1
440;0.01;0.3;0.42;0.48;0.86;0.96;0.65;0.74;0.74;0.78;0.89;1
441;0.01;0.32;0.45;0.44;0.86;0.93;0.99;0.74;0.99;0.78;1;1
442;0.01;0.36;0.4;0.49;0.86;0.71;0.65;0.99;1;0.78;1;1
443;0.01;0.31;0.4;0.48;0.86;0.94;0.99;0.99;0.74;0.78;0.89;1
444;0.01;0.31;0.44;0.45;0.86;0.74;0.65;0.65;0.99;0.78;1;1
445;0.01;0.29;0.41;0.47;0.86;0.96;0.99;0.98;1;0.78;1;0.75
446;0.01;0.3;0.45;0.46;0.86;0.69;0.65;0.98;0.74;0.78;0.89;1
447;0.01;0.27;0.42;0.48;0.86;0.91;0.99;1;0.99;0.78;1;1
448;0.01;0.26;0.45;0.44;0.86;0.59;0.65;1;1;0.78;1;1
449;0.01;0.44;0.4;0.49;0.86;0.96;0.99;0.74;0.74;0.78;0.89;1
450;0.01;0.3;0.4;0.48;0.86;0.93;0.65;0.74;0.99;0.78;1;1
451;0.01;0.32;0.44;0.45;0.86;0.71;0.99;0.99;1;0.78;1;1
452;0.01;0.36;0.41;0.47;0.86;0.94;0.65;0.99;0.74;0.78;0.89;1
453;0.01;0.31;0.45;0.46;0.86;0.74;0.99;0.65;0.99;0.78;1;1
454;0.01;0.31;0.42;0.48;0.86;0.96;0.65;0.98;1;0.78;1;0.75
455;0.01;0.29;0.45;0.44;0.86;0.69;0.99;0.98;0.74;0.78;0.89;1
456;0.01;0.3;0.4;0.49;0.86;0.91;0.65;1;0.99;0.78;1;1
457;0.01;0.27;0.4;0.48;0.86;0.59;0.99;1;1;0.78;1;1
458;0.01;0.26;0.44;0.45;0.86;0.96;0.65;0.74;0.74;0.78;0.89;1
459;0.01;0.44;0.41;0.47;0.86;0.93;0.99;0.74;0.99;0.78;1;1
460;0.01;0.3;0.45;0.46;0.86;0.71;0.65;0.99;1;0.78;1;1
461;0.01;0.32;0.42;0.48;0.86;0.94;0.99;0.99;0.74;0.78;0.89;1
462;0.01;0.36;0.45;0.44;0.86;0.74;0.65;0.65;0.99;0.78;1;1
463;0.01;0.31;0.4;0.49;0.86;0.96;0.99;0.98;1;0.78;1;0.75
464;0.01;0.31;0.4;0.48;0.86;0.69;0.65;0.98;0.74;0.78;0.89;1
465;0.01;0.29;0.44;0.45;0.86;0.91;0.99;1;0.99;0.78;1;1
466;0.01;0.3;0.41;0.47;0.86;0.59;0.65;1;1;0.78;1;1
467;0.01;0.27;0.45;0.46;0.86;0.96;0.99;0.74;0.74;0.78;0.89;1
468;0.01;0.26;0.42;0.48;0.86;0.93;0.65;0.74;0.99;0.78;1;1
469;0.01;0.44;0.45;0.44;0.86;0.71;0.99;0.99;1;0.78;1;1
470;0.01;0.3;0.4;0.49;0.86;0.94;0.65;0.99;0.74;0.78;0.89;1
471;0.01;0.32;0.4;0.48;0.86;0.74;0.99;0.65;0.99;0.78;1;1
472;0.01;0.36;0.44;0.45;0.86;0.96;0.65;0.98;1;0.78;1;0.75
473;0.01;0.31;0.41;0.47;0.86;0.69;0.99;0.98;0.74;0.78;0.89;1
474;0.01;0.31;0.45;0.46;0.86;0.91;0.65;1;0.99;0.78;1;1
475;0.01;0.29;0.42;0.48;0.86;0.59;0.99;1;1;0.78;1;1
476;0.01;0.3;0.45;0.44;0.86;0.96;0.65;0.74;0.74;0.78;0.89;1
477;0.01;0.27;0.4;0.49;0.86;0.93;0.99;0.74;0.99;0.78;1;1
478;0.01;0.26;0.4;0.48;0.86;0.71;0.65;0.99;1;0.78;1;1
479;0.01;0.44;0.44;0.45;0.86;0.94;0.99;0.99;0.74;0.78;0.89;1
480;0.01;0.3;0.41;0.47;0.86;0.74;0.65;0.65;0.99;0.78;1;1
481;0.01;0.32;0.45;0.46;0.86;0.96;0.99;0.98;1;0.78;1;0.75
482;0.01;0.36;0.42;0.48;0.86;0.69;0.65;0.98;0.74;0.78;0.89;1
483;0.01;0.31;0.45;0.44;0.86;0.91;0.99;1;0.99;0.78;1;1
484;0.01;0.31;0.4;0.49;0.86;0.59;0.65;1;1;0.78;1;1
485;0.01;0.29;0.4;0.48;0.86;0.96;0.99;0.74;0.74;0.78;0.89;1
486;0.01;0.3;0.44;0.45;0.86;0.93;0.65;0.74;0.99;0.78;1;1
487;0.01;0.27;0.41;0.47;0.86;0.71;0.99;0.99;1;0.78;1;1
488;0.01;0.26;0.45;0.46;0.86;0.94;0.65;0.99;0.74;0.78;0.89;1
489;0.01;0.44;0.42;0.48;0.86;0.74;0.99;0.65;0.99;0.78;1;1
490;0.01;0.3;0.45;0.44;0.86;0.96;0.65;0.98;1;0.78;1;0.75
491;0.01;0.32;0.4;0.49;0.86;0.69;0.99;0.98;0.74;0.78;0.89;1
492;0.01;0.36;0.4;0.48;0.86;0.91;0.65;1;0.99;0.78;1;1
493;0.01;0.31;0.44;0.45;0.86;0.59;0.99;1;1;0.78;1;1
494;0.01;0.31;0.41;0.47;0.86;0.96;0.65;0.74;0.74;0.78;0.89;1
495;0.01;0.29;0.45;0.46;0.86;0.93;0.99;0.74;0.99;0.78;1;1
496;0.01;0.3;0.42;0.48;0.86;0.71;0.65;0.99;1;0.78;1;1
497;0.01;0.27;0.45;0.44;0.86;0.94;0.99;0.99;0.74;0.78;0.89;1
498;0.01;0.26;0.4;0.49;0.86;0.74;0.65;0.65;0.99;0.78;1;1
499;0.01;0.44;0.4;0.48;0.86;0.96;0.99;0.98;1;0.78;1;0.75
500;0.01;0.3;0.44;0.45;0.86;0.69;0.65;0.98;0.74;0.78;0.89;1
501;0.01;0.32;0.41;0.47;0.86;0.91;0.99;1;0.99;0.78;1;1
502;0.01;0.36;0.45;0.46;0.86;0.59;0.65;1;1;0.78;1;1
503;0.01;0.31;0.42;0.48;0.86;0.96;0.99;0.74;0.74;0.78;0.89;1
504;0.01;0.31;0.45;0.44;0.86;0.93;0.65;0.74;0.99;0.78;1;1
505;0.01;0.29;0.4;0.49;0.86;0.71;0.99;0.99;1;0.78;1;1
506;0.01;0.3;0.4;0.48;0.86;0.94;0.65;0.99;0.74;0.78;0.89;1
507;0.01;0.27;0.44;0.45;0.86;0.74;0.99;0.65;0.99;0.78;1;1
508;0.01;0.26;0.41;0.47;0.86;0.96;0.65;0.98;1;0.78;1;0.75
509;0.01;0.44;0.45;0.46;0.86;0.69;0.99;0.98;0.74;0.78;0.89;1
510;0.01;0.3;0.42;0.48;0.86;0.91;0.65;1;0.99;0.78;1;1
511;0.01;0.32;0.45;0.44;0.86;0.59;0.99;1;1;0.78;1;1
512;0.01;0.36;0.4;0.49;0.86;0.96;0.65;0.74;0.74;0.78;0.89;1
513;0.01;0.31;0.4;0.48;0.86;0.93;0.99;0.74;0.99;0.78;1;1
514;0.01;0.31;0.44;0.45;0.86;0.71;0.65;0.99;1;0.78;1;1
515;0.01;0.29;0.41;0.47;0.86;0.94;0.99;0.99;0.74;0.78;0.89;1
516;0.01;0.3;0.45;0.46;0.86;0.74;0.65;0.65;0.99;0.78;1;1
517;0.01;0.27;0.42;0.48;0.86;0.96;0.99;0.98;1;0.78;1;0.75
518;0.01;0.26;0.45;0.44;0.86;0.69;0.65;0.98;0.74;0.78;0.89;1
519;0.01;0.44;0.4;0.49;0.86;0.91;0.99;1;0.99;0.78;1;1
520;0.01;0.3;0.4;0.48;0.86;0.59;0.65;1;1;0.78;1;1
521;0.01;0.32;0.44;0.45;0.86;0.96;0.99;0.74;0.74;0.78;0.89;1
522;0.01;0.36;0.41;0.47;0.86;0.93;0.65;0.74;0.99;0.78;1;1
523;0.01;0.31;0.45;0.46;0.86;0.71;0.99;0.99;1;0.78;1;1
524;0.01;0.31;0.42;0.48;0.86;0.94;0.65;0.99;0.74;0.78;0.89;1
525;0.01;0.29;0.45;0.44;0.86;0.74;0.99;0.65;0.99;0.78;1;1
526;0.01;0.3;0.4;0.49;0.86;0.96;0.65;0.98;1;0.78;1;0.75
527;0.01;0.27;0.4;0.48;0.86;0.69;0.99;0.98;0.74;0.78;0.89;1
528;0.01;0.26;0.44;0.45;0.86;0.91;0.65;1;0.99;0.78;1;1
529;0.01;0.44;0.41;0.47;0.86;0.59;0.99;1;1;0.78;1;1
530;0.01;0.3;0.45;0.46;0.86;0.96;0.65;0.74;0.74;0.78;0.89;1
531;0.01;0.32;0.42;0.48;0.86;0.93;0.99;0.74;0.99;0.78;1;1
532;0.01;0.36;0.45;0.44;0.86;0.71;0.65;0.99;1;0.78;1;1
533;0.01;0.31;0.4;0.49;0.86;0.94;0.99;0.99;0.74;0.78;0.89;1
534;0.01;0.31;0.4;0.48;0.86;0.74;0.65;0.65;0.99;0.78;1;1
535;0.01;0.29;0.44;0.45;0.86;0.96;0.99;0.98;1;0.78;1;0.75
536;0.01;0.3;0.41;0.47;0.86;0.69;0.65;0.98;0.74;0.78;0.89;1
537;0.01;0.27;0.45;0.46;0.86;0.91;0.99;1;0.99;0.78;1;1
538;0.01;0.26;0.42;0.48;0.86;0.59;0.65;1;1;0.78;1;1
539;0.01;0.44;0.45;0.44;0.86;0.96;0.99;0.74;0.74;0.78;0.89;1
540;0.01;0.3;0.4;0.49;0.86;0.93;0.65;0.74;0.99;0.78;1;1
541;0.01;0.32;0.4;0.48;0.86;0.71;0.99;0.99;1;0.78;1;1
542;0.01;0.36;0.44;0.45;0.86;0.94;0.65;0.99;0.74;0.78;0.89;1
543;0.01;0.31;0.41;0.47;0.86;0.74;0.99;0.65;0.99;0.78;1;1
544;0.01;0.31;0.45;0.46;0.86;0.96;0.65;0.98;1;0.78;1;0.75
545;0.01;0.29;0.42;0.48;0.86;0.69;0.99;0.98;0.74;0.78;0.89;1
546;0.01;0.3;0.45;0.44;0.86;0.91;0.65;1;0.99;0.78;1;1
547;0.01;0.27;0.4;0.49;0.86;0.59;0.99;1;1;0.78;1;1
548;0.01;0.26;0.4;0.48;0.86;0.96;0.65;0.74;0.74;0.78;0.89;1
549;0.01;0.44;0.44;0.45;0.86;0.93;0.99;0.74;0.99;0.78;1;1
550;0.01;0.3;0.41;0.47;0.86;0.71;0.65;0.99;1;0.78;1;1
551;0.01;0.32;0.45;0.46;0.86;0.94;0.99;0.99;0.74;0.78;0.89;1
552;0.01;0.36;0.42;0.48;0.86;0.74;0.65;0.65;0.99;0.78;1;1
553;0.01;0.31;0.45;0.44;0.86;0.96;0.99;0.98;1;0.78;1;0.75
554;0.01;0.31;0.4;0.49;0.86;0.69;0.65;0.98;0.74;0.78;0.89;1
555;0.01;0.29;0.4;0.48;0.86;0.91;0.99;1;0.99;0.78;1;1
556;0.01;0.3;0.44;0.45;0.86;0.59;0.65;1;1;0.78;1;1
557;0.01;0.27;0.41;0.47;0.86;0.96;0.99;0.74;0.74;0.78;0.89;1
558;0.01;0.26;0.45;0.46;0.86;0.93;0.65;0.74;0.99;0.78;1;1
559;0.01;0.44;0.42;0.48;0.86;0.71;0.99;0.99;1;0.78;1;1
560;0.01;0.3;0.45;0.44;0.86;0.94;0.65;0.99;0.74;0.78;0.89;1
561;0.01;0.32;0.4;0.49;0.86;0.74;0.99;0.65;0.99;0.78;1;1
562;0.01;0.36;0.4;0.48;0.86;0.96;0.65;0.98;1;0.78;1;0.75
563;0.01;0.31;0.44;0.45;0.86;0.69;0.99;0.98;0.74;0.78;0.89;1
564;0.01;0.31;0.41;0.47;0.86;0.91;0.65;1;0.99;0.78;1;1
565;0.01;0.29;0.45;0.46;0.86;0.59;0.99;1;1;0.78;1;1
566;0.01;0.3;0.42;0.48;0.86;0.96;0.65;0.74;0.74;0.78;0.89;1
567;0.01;0.27;0.45;0.44;0.86;0.93;0.99;0.74;0.99;0.78;1;1
568;0.01;0.26;0.4;0.49;0.86;0.71;0.65;0.99;1;0.78;1;1
569;0.01;0.44;0.4;0.48;0.86;0.94;0.99;0.99;0.74;0.78;0.89;1
570;0.01;0.3;0.44;0.45;0.86;0.74;0.65;0.65;0.99;0.78;1;1
571;0.01;0.32;0.41;0.47;0.86;0.96;0.99;0.98;1;0.78;1;0.75
572;0.01;0.36;0.45;0.46;0.86;0.69;0.65;0.98;0.74;0.78;0.89;1
573;0.01;0.31;0.42;0.48;0.86;0.91;0.99;1;0.99;0.78;1;1
574;0.01;0.31;0.45;0.44;0.86;0.59;0.65;1;1;0.78;1;1
575;0.01;0.29;0.4;0.49;0.86;0.96;0.99;0.74;0.74;0.78;0.89;1
576;0.01;0.3;0.4;0.48;0.86;0.93;0.65;0.74;0.99;0.78;1;1
577;0.01;0.27;0.44;0.45;0.86;0.71;0.99;0.99;1;0.78;1;1
578;0.01;0.26;0.41;0.47;0.86;0.94;0.65;0.99;0.74;0.78;0.89;1
579;0.01;0.44;0.45;0.46;0.86;0.74;0.99;0.65;0.99;0.78;1;1
580;0.01;0.3;0.42;0.48;0.86;0.96;0.65;0.98;1;0.78;1;0.75
581;0.01;0.32;0.45;0.44;0.86;0.69;0.99;0.98;0.74;0.78;0.89;1
582;0.01;0.36;0.4;0.49;0.86;0.91;0.65;1;0.99;0.78;1;1
583;0.01;0.31;0.4;0.48;0.86;0.59;0.99;1;1;0.78;1;1
584;0.01;0.31;0.44;0.45;0.86;0.96;0.65;0.74;0.74;0.78;0.89;1
585;0.01;0.29;0.41;0.47;0.86;0.93;0.99;0.74;0.99;0.78;1;1
586;0.01;0.3;0.45;0.46;0.86;0.71;0.65;0.99;1;0.78;1;1
587;0.01;0.27;0.42;0.48;0.86;0.94;0.99;0.99;0.74;0.78;0.89;1
588;0.01;0.26;0.45;0.44;0.86;0.74;0.65;0.65;0.99;0.78;1;1
589;0.01;0.44;0.4;0.49;0.86;0.96;0.99;0.98;1;0.78;1;0.75
590;0.01;0.3;0.4;0.48;0.86;0.69;0.65;0.98;0.74;0.78;0.89;1
591;0.01;0.32;0.44;0.45;0.86;0.91;0.99;1;0.99;0.78;1;1
592;0.01;0.36;0.41;0.47;0.86;0.59;0.65;1;1;0.78;1;1
593;0.01;0.31;0.45;0.46;0.86;0.96;0.99;0.74;0.74;0.78;0.89;1
594;0.01;0.31;0.42;0.48;0.86;0.93;0.65;0.74;0.99;0.78;1;1
595;0.01;0.29;0.45;0.44;0.86;0.71;0.99;0.99;1;0.78;1;1
596;0.01;0.3;0.4;0.49;0.86;0.94;0.65;0.99;0.74;0.78;0.89;1
597;0.01;0.27;0.4;0.48;0.86;0.74;0.99;0.65;0.99;0.78;1;1
598;0.01;0.26;0.44;0.45;0.86;0.96;0.65;0.98;1;0.78;1;0.75
599;0.01;0.44;0.41;0.47;0.86;0.69;0.99;0.98;0.74;0.78;0.89;1
600;0.01;0.3;0.45;0.46;0.86;0.91;0.65;1;0.99;0.78;1;1
601;0.01;0.32;0.42;0.48;0.86;0.59;0.99;1;1;0.78;1;1
602;0.01;0.36;0.45;0.44;0.86;0.96;0.65;0.74;0.74;0.78;0.89;1
603;0.01;0.31;0.4;0.49;0.86;0.93;0.99;0.74;0.99;0.78;1;1
604;0.01;0.31;0.4;0.48;0.86;0.71;0.65;0.99;1;0.78;1;1
605;0.01;0.29;0.44;0.45;0.86;0.94;0.99;0.99;0.74;0.78;0.89;1
606;0.01;0.3;0.41;0.47;0.86;0.74;0.65;0.65;0.99;0.78;1;1
607;0.01;0.27;0.45;0.46;0.86;0.96;0.99;0.98;1;0.78;1;0.75
608;0.01;0.26;0.42;0.48;0.86;0.69;0.65;0.98;0.74;0.78;0.89;1
609;0.01;0.44;0.45;0.44;0.86;0.91;0.99;1;0.99;0.78;1;1
610;0.01;0.3;0.4;0.49;0.86;0.59;0.65;1;1;0.78;1;1
611;0.01;0.32;0.4;0.48;0.86;0.96;0.99;0.74;0.74;0.78;0.89;1
612;0.01;0.36;0.44;0.45;0.86;0.93;0.65;0.74;0.99;0.78;1;1
613;0.01;0.31;0.41;0.47;0.86;0.71;0.99;0.99;1;0.78;1;1
614;0.01;0.31;0.45;0.46;0.86;0.94;0.65;0.99;0.74;0.78;0.89;1
615;0.01;0.29;0.42;0.48;0.86;0.74;0.99;0.65;0.99;0.78;1;1
616;0.01;0.3;0.45;0.44;0.86;0.96;0.65;0.98;1;0.78;1;0.75
617;0.01;0.27;0.4;0.49;0.86;0.69;0.99;0.98;0.74;0.78;0.89;1
618;0.01;0.26;0.4;0.48;0.86;0.91;0.65;1;0.99;0.78;1;1
619;0.01;0.44;0.44;0.45;0.86;0.59;0.99;1;1;0.78;1;1
620;0.01;0.3;0.41;0.47;0.86;0.96;0.65;0.74;0.74;0.78;0.89;1
621;0.01;0.32;0.45;0.46;0.86;0.93;0.99;0.74;0.99;0.78;1;1
622;0.01;0.36;0.42;0.48;0.86;0.71;0.65;0.99;1;0.78;1;1
623;0.01;0.31;0.45;0.44;0.86;0.94;0.99;0.99;0.74;0.78;0.89;1
624;0.01;0.31;0.4;0.49;0.86;0.74;0.65;0.65;0.99;0.78;1;1
625;0.01;0.29;0.4;0.48;0.86;0.96;0.99;0.98;1;0.78;1;0.75
626;0.01;0.3;0.44;0.45;0.86;0.69;0.65;0.98;0.74;0.78;0.89;1
627;0.01;0.27;0.41;0.47;0.86;0.91;0.99;1;0.99;0.78;1;1
628;0.01;0.26;0.45;0.46;0.86;0.59;0.65;1;1;0.78;1;1
629;0.01;0.44;0.42;0.48;0.86;0.96;0.99;0.74;0.74;0.78;0.89;1
630;0.01;0.3;0.45;0.44;0.86;0.93;0.65;0.74;0.99;0.78;1;1
631;0.01;0.32;0.4;0.49;0.86;0.71;0.99;0.99;1;0.78;1;1
632;0.01;0.36;0.4;0.48;0.86;0.94;0.65;0.99;0.74;0.78;0.89;1
633;0.01;0.31;0.44;0.45;0.86;0.74;0.99;0.65;0.99;0.78;1;1
634;0.01;0.31;0.41;0.47;0.86;0.96;0.65;0.98;1;0.78;1;0.75
635;0.01;0.29;0.45;0.46;0.86;0.69;0.99;0.98;0.74;0.78;0.89;1
636;0.01;0.3;0.42;0.48;0.86;0.91;0.65;1;0.99;0.78;1;1
637;0.01;0.27;0.45;0.44;0.86;0.59;0.99;1;1;0.78;1;1
638;0.01;0.26;0.4;0.49;0.86;0.96;0.65;0.74;0.74;0.78;0.89;1
639;0.01;0.44;0.4;0.48;0.86;0.93;0.99;0.74;0.99;0.78;1;1
640;0.01;0.3;0.44;0.45;0.86;0.71;0.65;0.99;1;0.78;1;1
641;0.01;0.32;0.41;0.47;0.86;0.94;0.99;0.99;0.74;0.78;0.89;1
642;0.01;0.36;0.45;0.46;0.86;0.74;0.65;0.65;0.99;0.78;1;1
643;0.01;0.31;0.42;0.48;0.86;0.96;0.99;0.98;1;0.78;1;0.75
644;0.01;0.31;0.45;0.44;0.86;0.69;0.65;0.98;0.74;0.78;0.89;1
645;0.01;0.29;0.4;0.49;0.86;0.91;0.99;1;0.99;0.78;1;1
646;0.01;0.3;0.4;0.48;0.86;0.59;0.65;1;1;0.78;1;1
647;0.01;0.27;0.44;0.45;0.86;0.96;0.99;0.74;0.74;0.78;0.89;1
648;0.01;0.26;0.41;0.47;0.86;0.93;0.65;0.74;0.99;0.78;1;1
649;0.01;0.44;0.45;0.46;0.86;0.71;0.99;0.99;1;0.78;1;1
650;0.01;0.3;0.42;0.48;0.86;0.94;0.65;0.99;0.74;0.78;0.89;1
651;0.01;0.32;0.45;0.44;0.86;0.74;0.99;0.65;0.99;0.78;1;1
652;0.01;0.36;0.4;0.49;0.86;0.96;0.65;0.98;1;0.78;1;0.75
653;0.01;0.31;0.4;0.48;0.86;0.69;0.99;0.98;0.74;0.78;0.89;1
654;0.01;0.31;0.44;0.45;0.86;0.91;0.65;1;0.99;0.78;1;1
655;0.01;0.29;0.41;0.47;0.86;0.59;0.99;1;1;0.78;1;1
656;0.01;0.3;0.45;0.46;0.86;0.96;0.65;0.74;0.74;0.78;0.89;1
657;0.01;0.27;0.42;0.48;0.86;0.93;0.99;0.74;0.99;0.78;1;1
658;0.01;0.26;0.45;0.44;0.86;0.71;0.65;0.99;1;0.78;1;1
659;0.01;0.44;0.4;0.49;0.86;0.94;0.99;0.99;0.74;0.78;0.89;1
660;0.01;0.3;0.4;0.48;0.86;0.74;0.65;0.65;0.99;0.78;1;1
661;0.01;0.32;0.44;0.45;0.86;0.96;0.99;0.98;1;0.78;1;0.75
662;0.01;0.36;0.41;0.47;0.86;0.69;0.65;0.98;0.74;0.78;0.89;1
663;0.01;0.31;0.45;0.46;0.86;0.91;0.99;1;0.99;0.78;1;1
664;0.01;0.31;0.42;0.48;0.86;0.59;0.65;1;1;0.78;1;1
665;0.01;0.29;0.45;0.44;0.86;0.96;0.99;0.74;0.74;0.78;0.89;1
666;0.01;0.3;0.4;0.49;0.86;0.93;0.65;0.74;0.99;0.78;1;1
667;0.01;0.27;0.4;0.48;0.86;0.71;0.99;0.99;1;0.78;1;1
668;0.01;0.26;0.44;0.45;0.86;0.94;0.65;0.99;0.74;0.78;0.89;1
669;0.01;0.44;0.41;0.47;0.86;0.74;0.99;0.65;0.99;0.78;1;1
670;0.01;0.3;0.45;0.46;0.86;0.96;0.65;0.98;1;0.78;1;0.75
671;0.01;0.32;0.42;0.48;0.86;0.69;0.99;0.98;0.74;0.78;0.89;1
672;0.01;0.36;0.45;0.44;0.86;0.91;0.65;1;0.99;0.78;1;1
673;0.01;0.31;0.4;0.49;0.86;0.59;0.99;1;1;0.78;1;1
674;0.01;0.31;0.4;0.48;0.86;0.96;0.65;0.74;0.74;0.78;0.89;1
675;0.01;0.29;0.44;0.45;0.86;0.93;0.99;0.74;0.99;0.78;1;1
676;0.01;0.3;0.41;0.47;0.86;0.71;0.65;0.99;1;0.78;1;1
677;0.01;0.27;0.45;0.46;0.86;0.94;0.99;0.99;0.74;0.78;0.89;1
678;0.01;0.26;0.42;0.48;0.86;0.74;0.65;0.65;0.99;0.78;1;1
679;0.01;0.44;0.45;0.44;0.86;0.96;0.99;0.98;1;0.78;1;0.75
680;0.01;0.3;0.4;0.49;0.86;0.69;0.65;0.98;0.74;0.78;0.89;1
681;0.01;0.32;0.4;0.48;0.86;0.91;0.99;1;0.99;0.78;1;1
682;0.01;0.36;0.44;0.45;0.86;0.59;0.65;1;1;0.78;1;1
683;0.01;0.31;0.41;0.47;0.86;0.96;0.99;0.74;0.74;0.78;0.89;1
684;0.01;0.31;0.45;0.46;0.86;0.93;0.65;0.74;0.99;0.78;1;1
685;0.01;0.29;0.42;0.48;0.86;0.71;0.99;0.99;1;0.78;1;1
686;0.01;0.3;0.45;0.44;0.86;0.94;0.65;0.99;0.74;0.78;0.89;1
687;0.01;0.27;0.4;0.49;0.86;0.74;0.99;0.65;0.99;0.78;1;1
688;0.01;0.26;0.4;0.48;0.86;0.96;0.65;0.98;1;0.78;1;0.75
689;0.01;0.44;0.44;0.45;0.86;0.69;0.99;0.98;0.74;0.78;0.89;1
690;0.01;0.3;0.41;0.47;0.86;0.91;0.65;1;0.99;0.78;1;1
691;0.01;0.32;0.45;0.46;0.86;0.59;0.99;1;1;0.78;1;1
692;0.01;0.36;0.42;0.48;0.86;0.96;0.65;0.74;0.74;0.78;0.89;1
693;0.01;0.31;0.45;0.44;0.86;0.93;0.99;0.74;0.99;0.78;1;1
694;0.01;0.31;0.4;0.49;0.86;0.71;0.65;0.99;1;0.78;1;1
695;0.01;0.29;0.4;0.48;0.86;0.94;0.99;0.99;0.74;0.78;0.89;1
696;0.01;0.3;0.44;0.45;0.86;0.74;0.65;0.65;0.99;0.78;1;1
697;0.01;0.27;0.41;0.47;0.86;0.96;0.99;0.98;1;0.78;1;0.75
698;0.01;0.26;0.45;0.46;0.86;0.69;0.65;0.98;0.74;0.78;0.89;1
699;0.01;0.44;0.42;0.48;0.86;0.91;0.99;1;0.99;0.78;1;1
700;0.01;0.3;0.45;0.44;0.86;0.59;0.65;1;1;0.78;1;1
701;0.01;0.32;0.4;0.49;0.86;0.96;0.99;0.74;0.74;0.78;0.89;1
702;0.01;0.36;0.4;0.48;0.86;0.93;0.65;0.74;0.99;0.78;1;1
703;0.01;0.31;0.44;0.45;0.86;0.71;0.99;0.99;1;0.78;1;1
704;0.01;0.31;0.41;0.47;0.86;0.94;0.65;0.99;0.74;0.78;0.89;1
705;0.01;0.29;0.45;0.46;0.86;0.74;0.99;0.65;0.99;0.78;1;1
706;0.01;0.3;0.42;0.48;0.86;0.96;0.65;0.98;1;0.78;1;0.75
707;0.01;0.27;0.45;0.44;0.86;0.69;0.99;0.98;0.74;0.78;0.89;1
708;0.01;0.26;0.4;0.49;0.86;0.91;0.65;1;0.99;0.78;1;1
709;0.01;0.44;0.4;0.48;0.86;0.59;0.99;1;1;0.78;1;1
710;0.01;0.3;0.44;0.45;0.86;0.96;0.65;0.74;0.74;0.78;0.89;1
711;0.01;0.32;0.41;0.47;0.86;0.93;0.99;0.74;0.99;0.78;1;1
712;0.01;0.36;0.45;0.46;0.86;0.71;0.65;0.99;1;0.78;1;1
713;0.01;0.31;0.42;0.48;0.86;0.94;0.99;0.99;0.74;0.78;0.89;1
714;0.01;0.31;0.45;0.44;0.86;0.74;0.65;0.65;0.99;0.78;1;1
715;0.01;0.29;0.4;0.49;0.86;0.96;0.99;0.98;1;0.78;1;0.75
716;0.01;0.3;0.4;0.48;0.86;0.69;0.65;0.98;0.74;0.78;0.89;1
717;0.01;0.27;0.44;0.45;0.86;0.91;0.99;1;0.99;0.78;1;1
718;0.01;0.26;0.41;0.47;0.86;0.59;0.65;1;1;0.78;1;1
719;0.01;0.44;0.45;0.46;0.86;0.96;0.99;0.74;0.74;0.78;0.89;1
720;0.01;0.3;0.42;0.48;0.86;0.93;0.65;0.74;0.99;0.78;1;1
721;0.01;0.32;0.45;0.44;0.86;0.71;0.99;0.99;1;0.78;1;1
722;0.01;0.36;0.4;0.49;0.86;0.94;0.65;0.99;0.74;0.78;0.89;1
723;0.01;0.31;0.4;0.48;0.86;0.74;0.99;0.65;0.99;0.78;1;1
724;0.01;0.31;0.44;0.45;0.86;0.96;0.65;0.98;1;0.78;1;0.75
725;0.01;0.29;0.41;0.47;0.86;0.69;0.99;0.98;0.74;0.78;0.89;1
726;0.01;0.3;0.45;0.46;0.86;0.91;0.65;1;0.99;0.78;1;1
727;0.01;0.27;0.42;0.48;0.86;0.59;0.99;1;1;0.78;1;1
728;0.01;0.26;0.45;0.44;0.86;0.96;0.65;0.74;0.74;0.78;0.89;1
729;0.01;0.44;0.4;0.49;0.86;0.93;0.99;0.74;0.99;0.78;1;1
730;0.01;0.3;0.4;0.48;0.86;0.71;0.65;0.99;1;0.78;1;1
731;0.01;0.32;0.44;0.45;0.86;0.94;0.99;0.99;0.74;0.78;0.89;1
732;0.01;0.36;0.41;0.47;0.86;0.74;0.65;0.65;0.99;0.78;1;1
733;0.01;0.31;0.45;0.46;0.86;0.96;0.99;0.98;1;0.78;1;0.75
734;0.01;0.31;0.42;0.48;0.86;0.69;0.65;0.98;0.74;0.78;0.89;1
735;0.01;0.29;0.45;0.44;0.86;0.91;0.99;1;0.99;0.78;1;1
736;0.01;0.3;0.4;0.49;0.86;0.59;0.65;1;1;0.78;1;1
737;0.01;0.27;0.4;0.48;0.86;0.96;0.99;0.74;0.74;0.78;0.89;1
738;0.01;0.26;0.44;0.45;0.86;0.93;0.65;0.74;0.99;0.78;1;1
739;0.01;0.44;0.41;0.47;0.86;0.71;0.99;0.99;1;0.78;1;1
740;0.01;0.3;0.45;0.46;0.86;0.94;0.65;0.99;0.74;0.78;0.89;1
741;0.01;0.32;0.42;0.48;0.86;0.74;0.99;0.65;0.99;0.78;1;1
742;0.01;0.36;0.45;0.44;0.86;0.96;0.65;0.98;1;0.78;1;0.75
743;0.01;0.31;0.4;0.49;0.86;0.69;0.99;0.98;0.74;0.78;0.89;1
744;0.01;0.31;0.4;0.48;0.86;0.91;0.65;1;0.99;0.78;1;1
745;0.01;0.29;0.44;0.45;0.86;0.59;0.99;1;1;0.78;1;1
746;0.01;0.3;0.41;0.47;0.86;0.96;0.65;0.74;0.74;0.78;0.89;1
747;0.01;0.27;0.45;0.46;0.86;0.93;0.99;0.74;0.99;0.78;1;1
748;0.01;0.26;0.42;0.48;0.86;0.71;0.65;0.99;1;0.78;1;1
749;0.01;0.44;0.45;0.44;0.86;0.94;0.99;0.99;0.74;0.78;0.89;1
750;0.01;0.3;0.4;0.49;0.86;0.74;0.65;0.65;0.99;0.78;1;1
751;0.01;0.32;0.4;0.48;0.86;0.96;0.99;0.98;1;0.78;1;0.75
752;0.01;0.36;0.44;0.45;0.86;0.69;0.65;0.98;0.74;0.78;0.89;1
753;0.01;0.31;0.41;0.47;0.86;0.91;0.99;1;0.99;0.78;1;1
754;0.01;0.31;0.45;0.46;0.86;0.59;0.65;1;1;0.78;1;1
755;0.01;0.29;0.42;0.48;0.86;0.96;0.99;0.74;0.74;0.78;0.89;1
756;0.01;0.3;0.45;0.44;0.86;0.93;0.65;0.74;0.99;0.78;1;1
757;0.01;0.27;0.4;0.49;0.86;0.71;0.99;0.99;1;0.78;1;1
758;0.01;0.26;0.4;0.48;0.86;0.94;0.65;0.99;0.74;0.78;0.89;1
759;0.01;0.44;0.44;0.45;0.86;0.74;0.99;0.65;0.99;0.78;1;1
760;0.01;0.3;0.41;0.47;0.86;0.96;0.65;0.98;1;0.78;1;0.75
761;0.01;0.32;0.45;0.46;0.86;0.69;0.99;0.98;0.74;0.78;0.89;1
762;0.01;0.36;0.42;0.48;0.86;0.91;0.65;1;0.99;0.78;1;1
763;0.01;0.31;0.45;0.44;0.86;0.59;0.99;1;1;0.78;1;1
764;0.01;0.31;0.4;0.49;0.86;0.96;0.65;0.74;0.74;0.78;0.89;1
765;0.01;0.29;0.4;0.48;0.86;0.93;0.99;0.74;0.99;0.78;1;1
766;0.01;0.3;0.44;0.45;0.86;0.71;0.65;0.99;1;0.78;1;1
767;0.01;0.27;0.41;0.47;0.86;0.94;0.99;0.99;0.74;0.78;0.89;1
768;0.01;0.26;0.45;0.46;0.86;0.74;0.65;0.65;0.99;0.78;1;1
769;0.01;0.44;0.42;0.48;0.86;0.96;0.99;0.98;1;0.78;1;0.75
770;0.01;0.3;0.45;0.44;0.86;0.69;0.65;0.98;0.74;0.78;0.89;1
771;0.01;0.32;0.4;0.49;0.86;0.91;0.99;1;0.99;0.78;1;1
772;0.01;0.36;0.4;0.48;0.86;0.59;0.65;1;1;0.78;1;1
773;0.01;0.31;0.44;0.45;0.86;0.96;0.99;0.74;0.74;0.78;0.89;1
774;0.01;0.31;0.41;0.47;0.86;0.93;0.65;0.74;0.99;0.78;1;1
775;0.01;0.29;0.45;0.46;0.86;0.71;0.99;0.99;1;0.78;1;1
776;0.01;0.3;0.42;0.48;0.86;0.94;0.65;0.99;0.74;0.78;0.89;1
777;0.01;0.27;0.45;0.44;0.86;0.74;0.99;0.65;0.99;0.78;1;1
778;0.01;0.26;0.4;0.49;0.86;0.96;0.65;0.98;1;0.78;1;0.75
779;0.01;0.44;0.4;0.48;0.86;0.69;0.99;0.98;0.74;0.78;0.89;1
780;0.01;0.3;0.44;0.45;0.86;0.91;0.65;1;0.99;0.78;1;1
781;0.01;0.32;0.41;0.47;0.86;0.59;0.99;1;1;0.78;1;1
782;0.01;0.36;0.45;0.46;0.86;0.96;0.65;0.74;0.74;0.78;0.89;1
783;0.01;0.31;0.42;0.48;0.86;0.93;0.99;0.74;0.99;0.78;1;1
784;0.01;0.31;0.45;0.44;0.86;0.71;0.65;0.99;1;0.78;1;1
785;0.01;0.29;0.4;0.49;0.86;0.94;0.99;0.99;0.74;0.78;0.89;1
786;0.01;0.3;0.4;0.48;0.86;0.74;0.65;0.65;0.99;0.78;1;1
787;0.01;0.27;0.44;0.45;0.86;0.96;0.99;0.98;1;0.78;1;0.75
788;0.01;0.26;0.41;0.47;0.86;0.69;0.65;0.98;0.74;0.78;0.89;1
789;0.01;0.44;0.45;0.46;0.86;0.91;0.99;1;0.99;0.78;1;1
790;0.01;0.3;0.42;0.48;0.86;0.59;0.65;1;1;0.78;1;1
791;0.01;0.32;0.45;0.44;0.86;0.96;0.99;0.74;0.74;0.78;0.89;1
792;0.01;0.36;0.4;0.49;0.86;0.93;0.65;0.74;0.99;0.78;1;1
793;0.01;0.31;0.4;0.48;0.86;0.71;0.99;0.99;1;0.78;1;1
794;0.01;0.31;0.44;0.45;0.86;0.94;0.65;0.99;0.74;0.78;0.89;1
795;0.01;0.29;0.41;0.47;0.86;0.74;0.99;0.65;0.99;0.78;1;1
796;0.01;0.3;0.45;0.46;0.86;0.96;0.65;0.98;1;0.78;1;0.75
797;0.01;0.27;0.42;0.48;0.86;0.69;0.99;0.98;0.74;0.78;0.89;1
798;0.01;0.26;0.45;0.44;0.86;0.91;0.65;1;0.99;0.78;1;1
799;0.01;0.44;0.4;0.49;0.86;0.59;0.99;1;1;0.78;1;1
800;0.01;0.3;0.4;0.48;0.86;0.96;0.65;0.74;0.74;0.78;0.89;1
801;0.01;0.32;0.44;0.45;0.86;0.93;0.99;0.74;0.99;0.78;1;1
802;0.01;0.36;0.41;0.47;0.86;0.71;0.65;0.99;1;0.78;1;1
803;0.01;0.31;0.45;0.46;0.86;0.94;0.99;0.99;0.74;0.78;0.89;1
804;0.01;0.31;0.42;0.48;0.86;0.74;0.65;0.65;0.99;0.78;1;1
805;0.01;0.29;0.45;0.44;0.86;0.96;0.99;0.98;1;0.78;1;0.75
806;0.01;0.3;0.4;0.49;0.86;0.69;0.65;0.98;0.74;0.78;0.89;1
807;0.01;0.27;0.4;0.48;0.86;0.91;0.99;1;0.99;0.78;1;1
808;0.01;0.26;0.44;0.45;0.86;0.59;0.65;1;1;0.78;1;1
809;0.01;0.44;0.41;0.47;0.86;0.96;0.99;0.74;0.74;0.78;0.89;1
810;0.01;0.3;0.45;0.46;0.86;0.93;0.65;0.74;0.99;0.78;1;1
811;0.01;0.32;0.42;0.48;0.86;0.71;0.99;0.99;1;0.78;1;1
812;0.01;0.36;0.45;0.44;0.86;0.94;0.65;0.99;0.74;0.78;0.89;1
813;0.01;0.31;0.4;0.49;0.86;0.74;0.99;0.65;0.99;0.78;1;1
814;0.01;0.31;0.4;0.48;0.86;0.96;0.65;0.98;1;0.78;1;0.75
815;0.01;0.29;0.44;0.45;0.86;0.69;0.99;0.98;0.74;0.78;0.89;1
816;0.01;0.3;0.41;0.47;0.86;0.91;0.65;1;0.99;0.78;1;1
817;0.01;0.27;0.45;0.46;0.86;0.59;0.99;1;1;0.78;1;1
818;0.01;0.26;0.42;0.48;0.86;0.96;0.65;0.74;0.74;0.78;0.89;1
819;0.01;0.44;0.45;0.44;0.86;0.93;0.99;0.74;0.99;0.78;1;1
820;0.01;0.3;0.4;0.49;0.86;0.71;0.65;0.99;1;0.78;1;1
821;0.01;0.32;0.4;0.48;0.86;0.94;0.99;0.99;0.74;0.78;0.89;1
822;0.01;0.36;0.44;0.45;0.86;0.74;0.65;0.65;0.99;0.78;1;1
823;0.01;0.31;0.41;0.47;0.86;0.96;0.99;0.98;1;0.78;1;0.75
824;0.01;0.31;0.45;0.46;0.86;0.69;0.65;0.98;0.74;0.78;0.89;1
825;0.01;0.29;0.42;0.48;0.86;0.91;0.99;1;0.99;0.78;1;1
826;0.01;0.3;0.45;0.44;0.86;0.59;0.65;1;1;0.78;1;1
827;0.01;0.27;0.4;0.49;0.86;0.96;0.99;0.74;0.74;0.78;0.89;1
828;0.01;0.26;0.4;0.48;0.86;0.93;0.65;0.74;0.99;0.78;1;1
829;0.01;0.44;0.44;0.45;0.86;0.71;0.99;0.99;1;0.78;1;1
830;0.01;0.3;0.41;0.47;0.86;0.94;0.65;0.99;0.74;0.78;0.89;1
831;0.01;0.32;0.45;0.46;0.86;0.74;0.99;0.65;0.99;0.78;1;1
832;0.01;0.36;0.42;0.48;0.86;0.96;0.65;0.98;1;0.78;1;0.75
833;0.01;0.31;0.45;0.44;0.86;0.69;0.99;0.98;0.74;0.78;0.89;1
834;0.01;0.31;0.4;0.49;0.86;0.91;0.65;1;0.99;0.78;1;1
835;0.01;0.29;0.4;0.48;0.86;0.59;0.99;1;1;0.78;1;1
836;0.01;0.3;0.44;0.45;0.86;0.96;0.65;0.74;0.74;0.78;0.89;1
837;0.01;0.27;0.41;0.47;0.86;0.93;0.99;0.74;0.99;0.78;1;1
838;0.01;0.26;0.45;0.46;0.86;0.71;0.65;0.99;1;0.78;1;1
839;0.01;0.44;0.42;0.48;0.86;0.94;0.99;0.99;0.74;0.78;0.89;1
840;0.01;0.3;0.45;0.44;0.86;0.74;0.65;0.65;0.99;0.78;1;1
841;0.01;0.32;0.4;0.49;0.86;0.96;0.99;0.98;1;0.78;1;0.75
842;0.01;0.36;0.4;0.48;0.86;0.69;0.65;0.98;0.74;0.78;0.89;1
843;0.01;0.31;0.44;0.45;0.86;0.91;0.99;1;0.99;0.78;1;1
844;0.01;0.31;0.41;0.47;0.86;0.59;0.65;1;1;0.78;1;1
845;0.01;0.29;0.45;0.46;0.86;0.96;0.99;0.74;0.74;0.78;0.89;1
846;0.01;0.3;0.42;0.48;0.86;0.93;0.65;0.74;0.99;0.78;1;1
847;0.01;0.27;0.45;0.44;0.86;0.71;0.99;0.99;1;0.78;1;1
848;0.01;0.26;0.4;0.49;0.86;0.94;0.65;0.99;0.74;0.78;0.89;1
849;0.01;0.44;0.4;0.48;0.86;0.74;0.99;0.65;0.99;0.78;1;1
850;0.01;0.3;0.44;0.45;0.86;0.96;0.65;0.98;1;0.78;1;0.75
851;0.01;0.32;0.41;0.47;0.86;0.69;0.99;0.98;0.74;0.78;0.89;1
852;0.01;0.36;0.45;0.46;0.86;0.91;0.65;1;0.99;0.78;1;1
853;0.01;0.31;0.42;0.48;0.86;0.59;0.99;1;1;0.78;1;1
854;0.01;0.31;0.45;0.44;0.86;0.96;0.65;0.74;0.74;0.78;0.89;1
855;0.01;0.29;0.4;0.49;0.86;0.93;0.99;0.74;0.99;0.78;1;1
856;0.01;0.3;0.4;0.48;0.86;0.71;0.65;0.99;1;0.78;1;1
857;0.01;0.27;0.44;0.45;0.86;0.94;0.99;0.99;0.74;0.78;0.89;1
858;0.01;0.26;0.41;0.47;0.86;0.74;0.65;0.65;0.99;0.78;1;1
859;0.01;0.44;0.45;0.46;0.86;0.96;0.99;0.98;1;0.78;1;0.75
860;0.01;0.3;0.42;0.48;0.86;0.69;0.65;0.98;0.74;0.78;0.89;1
861;0.01;0.32;0.45;0.44;0.86;0.91;0.99;1;0.99;0.78;1;1
862;0.01;0.36;0.4;0.49;0.86;0.59;0.65;1;1;0.78;1;1
863;0.01;0.31;0.4;0.48;0.86;0.96;0.99;0.74;0.74;0.78;0.89;1
864;0.01;0.31;0.44;0.45;0.86;0.93;0.65;0.74;0.99;0.78;1;1
865;0.01;0.29;0.41;0.47;0.86;0.71;0.99;0.99;1;0.78;1;1
866;0.01;0.3;0.45;0.46;0.86;0.94;0.65;0.99;0.74;0.78;0.89;1
867;0.01;0.27;0.42;0.48;0.86;0.74;0.99;0.65;0.99;0.78;1;1
868;0.01;0.26;0.45;0.44;0.86;0.96;0.65;0.98;1;0.78;1;0.75
869;0.01;0.44;0.4;0.49;0.86;0.69;0.99;0.98;0.74;0.78;0.89;1
870;0.01;0.3;0.4;0.48;0.86;0.91;0.65;1;0.99;0.78;1;1
871;0.01;0.32;0.44;0.45;0.86;0.59;0.99;1;1;0.78;1;1
872;0.01;0.36;0.41;0.47;0.86;0.96;0.65;0.74;0.74;0.78;0.89;1
873;0.01;0.31;0.45;0.46;0.86;0.93;0.99;0.74;0.99;0.78;1;1
874;0.01;0.31;0.42;0.48;0.86;0.71;0.65;0.99;1;0.78;1;1
875;0.01;0.29;0.45;0.44;0.86;0.94;0.99;0.99;0.74;0.78;0.89;1
876;0.01;0.3;0.4;0.49;0.86;0.74;0.65;0.65;0.99;0.78;1;1
877;0.01;0.27;0.4;0.48;0.86;0.96;0.99;0.98;1;0.78;1;0.75
878;0.01;0.26;0.44;0.45;0.86;0.69;0.65;0.98;0.74;0.78;0.89;1
879;0.01;0.44;0.41;0.47;0.86;0.91;0.99;1;0.99;0.78;1;1
880;0.01;0.3;0.45;0.46;0.86;0.59;0.65;1;1;0.78;1;1
881;0.01;0.32;0.42;0.48;0.86;0.96;0.99;0.74;0.74;0.78;0.89;1
882;0.01;0.36;0.45;0.44;0.86;0.93;0.65;0.74;0.99;0.78;1;1
883;0.01;0.31;0.4;0.49;0.86;0.71;0.99;0.99;1;0.78;1;1
884;0.01;0.31;0.4;0.48;0.86;0.94;0.65;0.99;0.74;0.78;0.89;1
885;0.01;0.29;0.44;0.45;0.86;0.74;0.99;0.65;0.99;0.78;1;1
886;0.01;0.3;0.41;0.47;0.86;0.96;0.65;0.98;1;0.78;1;0.75
887;0.01;0.27;0.45;0.46;0.86;0.69;0.99;0.98;0.74;0.78;0.89;1
888;0.01;0.26;0.42;0.48;0.86;0.91;0.65;1;0.99;0.78;1;1
889;0.01;0.44;0.45;0.44;0.86;0.59;0.99;1;1;0.78;1;1
890;0.01;0.3;0.4;0.49;0.86;0.96;0.65;0.74;0.74;0.78;0.89;1
891;0.01;0.32;0.4;0.48;0.86;0.93;0.99;0.74;0.99;0.78;1;1
892;0.01;0.36;0.44;0.45;0.86;0.71;0.65;0.99;1;0.78;1;1
893;0.01;0.31;0.41;0.47;0.86;0.94;0.99;0.99;0.74;0.78;0.89;1
894;0.01;0.31;0.45;0.46;0.86;0.74;0.65;0.65;0.99;0.78;1;1
895;0.01;0.29;0.42;0.48;0.86;0.96;0.99;0.98;1;0.78;1;0.75
896;0.01;0.3;0.45;0.44;0.86;0.69;0.65;0.98;0.74;0.78;0.89;1
897;0.01;0.27;0.4;0.49;0.86;0.91;0.99;1;0.99;0.78;1;1
898;0.01;0.26;0.4;0.48;0.86;0.59;0.65;1;1;0.78;1;1
899;0.01;0.44;0.44;0.45;0.86;0.96;0.99;0.74;0.74;0.78;0.89;1
900;0.01;0.3;0.41;0.47;0.86;0.93;0.65;0.74;0.99;0.78;1;1
901;0.01;0.32;0.45;0.46;0.86;0.71;0.99;0.99;1;0.78;1;1
902;0.01;0.36;0.42;0.48;0.86;0.94;0.65;0.99;0.74;0.78;0.89;1
903;0.01;0.31;0.45;0.44;0.86;0.74;0.99;0.65;0.99;0.78;1;1
904;0.01;0.31;0.4;0.49;0.86;0.96;0.65;0.98;1;0.78;1;0.75
905;0.01;0.29;0.4;0.48;0.86;0.69;0.99;0.98;0.74;0.78;0.89;1
906;0.01;0.3;0.44;0.45;0.86;0.91;0.65;1;0.99;0.78;1;1
907;0.01;0.27;0.41;0.47;0.86;0.59;0.99;1;1;0.78;1;1
908;0.01;0.26;0.45;0.46;0.86;0.96;0.65;0.74;0.74;0.78;0.89;1
909;0.01;0.44;0.42;0.48;0.86;0.93;0.99;0.74;0.99;0.78;1;1
910;0.01;0.3;0.45;0.44;0.86;0.71;0.65;0.99;1;0.78;1;1
911;0.01;0.32;0.4;0.49;0.86;0.94;0.99;0.99;0.74;0.78;0.89;1
912;0.01;0.36;0.4;0.48;0.86;0.74;0.65;0.65;0.99;0.78;1;1
913;0.01;0.31;0.44;0.45;0.86;0.96;0.99;0.98;1;0.78;1;0.75
914;0.01;0.31;0.41;0.47;0.86;0.69;0.65;0.98;0.74;0.78;0.89;1
915;0.01;0.29;0.45;0.46;0.86;0.91;0.99;1;0.99;0.78;1;1
916;0.01;0.3;0.42;0.48;0.86;0.59;0.65;1;1;0.78;1;1
917;0.01;0.27;0.45;0.44;0.86;0.96;0.99;0.74;0.74;0.78;0.89;1
918;0.01;0.26;0.4;0.49;0.86;0.93;0.65;0.74;0.99;0.78;1;1
919;0.01;0.44;0.4;0.48;0.86;0.71;0.99;0.99;1;0.78;1;1
920;0.01;0.3;0.44;0.45;0.86;0.94;0.65;0.99;0.74;0.78;0.89;1
921;0.01;0.32;0.41;0.47;0.86;0.74;0.99;0.65;0.99;0.78;1;1
922;0.01;0.36;0.45;0.46;0.86;0.96;0.65;0.98;1;0.78;1;0.75
923;0.01;0.31;0.42;0.48;0.86;0.69;0.99;0.98;0.74;0.78;0.89;1
924;0.01;0.31;0.45;0.44;0.86;0.91;0.65;1;0.99;0.78;1;1
925;0.01;0.29;0.4;0.49;0.86;0.59;0.99;1;1;0.78;1;1
926;0.01;0.3;0.4;0.48;0.86;0.96;0.65;0.74;0.74;0.78;0.89;1
927;0.01;0.27;0.44;0.45;0.86;0.93;0.99;0.74;0.99;0.78;1;1
928;0.01;0.26;0.41;0.47;0.86;0.71;0.65;0.99;1;0.78;1;1
929;0.01;0.44;0.45;0.46;0.86;0.94;0.99;0.99;0.74;0.78;0.89;1
930;0.01;0.3;0.42;0.48;0.86;0.74;0.65;0.65;0.99;0.78;1;1
931;0.01;0.32;0.45;0.44;0.86;0.96;0.99;0.98;1;0.78;1;0.75
932;0.01;0.36;0.4;0.49;0.86;0.69;0.65;0.98;0.74;0.78;0.89;1
933;0.01;0.31;0.4;0.48;0.86;0.91;0.99;1;0.99;0.78;1;1
934;0.01;0.31;0.44;0.45;0.86;0.59;0.65;1;1;0.78;1;1
935;0.01;0.29;0.41;0.47;0.86;0.96;0.99;0.74;0.74;0.78;0.89;1
936;0.01;0.3;0.45;0.46;0.86;0.93;0.65;0.74;0.99;0.78;1;1
937;0.01;0.27;0.42;0.48;0.86;0.71;0.99;0.99;1;0.78;1;1
938;0.01;0.26;0.45;0.44;0.86;0.94;0.65;0.99;0.74;0.78;0.89;1
939;0.01;0.44;0.4;0.49;0.86;0.74;0.99;0.65;0.99;0.78;1;1
940;0.01;0.3;0.4;0.48;0.86;0.96;0.65;0.98;1;0.78;1;0.75
941;0.01;0.32;0.44;0.45;0.86;0.69;0.99;0.98;0.74;0.78;0.89;1
942;0.01;0.36;0.41;0.47;0.86;0.91;0.65;1;0.99;0.78;1;1
943;0.01;0.31;0.45;0.46;0.86;0.59;0.99;1;1;0.78;1;1
944;0.01;0.31;0.42;0.48;0.86;0.96;0.65;0.74;0.74;0.78;0.89;1
945;0.01;0.29;0.45;0.44;0.86;0.93;0.99;0.74;0.99;0.78;1;1
946;0.01;0.3;0.4;0.49;0.86;0.71;0.65;0.99;1;0.78;1;1
947;0.01;0.27;0.4;0.48;0.86;0.94;0.99;0.99;0.74;0.78;0.89;1
948;0.01;0.26;0.44;0.45;0.86;0.74;0.65;0.65;0.99;0.78;1;1
949;0.01;0.44;0.41;0.47;0.86;0.96;0.99;0.98;1;0.78;1;0.75
950;0.01;0.3;0.45;0.46;0.86;0.69;0.65;0.98;0.74;0.78;0.89;1
951;0.01;0.32;0.42;0.48;0.86;0.91;0.99;1;0.99;0.78;1;1
952;0.01;0.36;0.45;0.44;0.86;0.59;0.65;1;1;0.78;1;1
953;0.01;0.31;0.4;0.49;0.86;0.96;0.99;0.74;0.74;0.78;0.89;1
954;0.01;0.31;0.4;0.48;0.86;0.93;0.65;0.74;0.99;0.78;1;1
955;0.01;0.29;0.44;0.45;0.86;0.71;0.99;0.99;1;0.78;1;1
956;0.01;0.3;0.41;0.47;0.86;0.94;0.65;0.99;0.74;0.78;0.89;1
957;0.01;0.27;0.45;0.46;0.86;0.74;0.99;0.65;0.99;0.78;1;1
958;0.01;0.26;0.42;0.48;0.86;0.96;0.65;0.98;1;0.78;1;0.75
959;0.01;0.44;0.45;0.44;0.86;0.69;0.99;0.98;0.74;0.78;0.89;1
960;0.01;0.3;0.4;0.49;0.86;0.91;0.65;1;0.99;0.78;1;1
961;0.01;0.32;0.4;0.48;0.86;0.59;0.99;1;1;0.78;1;1
962;0.01;0.36;0.44;0.45;0.86;0.96;0.65;0.74;0.74;0.78;0.89;1
963;0.01;0.31;0.41;0.47;0.86;0.93;0.99;0.74;0.99;0.78;1;1
964;0.01;0.31;0.45;0.46;0.86;0.71;0.65;0.99;1;0.78;1;1
965;0.01;0.29;0.42;0.48;0.86;0.94;0.99;0.99;0.74;0.78;0.89;1
966;0.01;0.3;0.45;0.44;0.86;0.74;0.65;0.65;0.99;0.78;1;1
967;0.01;0.27;0.4;0.49;0.86;0.96;0.99;0.98;1;0.78;1;0.75
968;0.01;0.26;0.4;0.48;0.86;0.69;0.65;0.98;0.74;0.78;0.89;1
969;0.01;0.44;0.44;0.45;0.86;0.91;0.99;1;0.99;0.78;1;1
970;0.01;0.3;0.41;0.47;0.86;0.59;0.65;1;1;0.78;1;1
971;0.01;0.32;0.45;0.46;0.86;0.96;0.99;0.74;0.74;0.78;0.89;1
972;0.01;0.36;0.42;0.48;0.86;0.93;0.65;0.74;0.99;0.78;1;1
973;0.01;0.31;0.45;0.44;0.86;0.71;0.99;0.99;1;0.78;1;1
974;0.01;0.31;0.4;0.49;0.86;0.94;0.65;0.99;0.74;0.78;0.89;1
975;0.01;0.29;0.4;0.48;0.86;0.74;0.99;0.65;0.99;0.78;1;1
976;0.01;0.3;0.44;0.45;0.86;0.96;0.65;0.98;1;0.78;1;0.75
977;0.01;0.27;0.41;0.47;0.86;0.69;0.99;0.98;0.74;0.78;0.89;1
978;0.01;0.26;0.45;0.46;0.86;0.91;0.65;1;0.99;0.78;1;1
979;0.01;0.44;0.42;0.48;0.86;0.59;0.99;1;1;0.78;1;1
980;0.01;0.3;0.45;0.44;0.86;0.96;0.65;0.74;0.74;0.78;0.89;1
981;0.01;0.32;0.4;0.49;0.86;0.93;0.99;0.74;0.99;0.78;1;1
982;0.01;0.36;0.4;0.48;0.86;0.71;0.65;0.99;1;0.78;1;1
983;0.01;0.31;0.44;0.45;0.86;0.94;0.99;0.99;0.74;0.78;0.89;1
984;0.01;0.31;0.41;0.47;0.86;0.74;0.65;0.65;0.99;0.78;1;1
985;0.01;0.29;0.45;0.46;0.86;0.96;0.99;0.98;1;0.78;1;0.75
986;0.01;0.3;0.42;0.48;0.86;0.69;0.65;0.98;0.74;0.78;0.89;1
987;0.01;0.27;0.45;0.44;0.86;0.91;0.99;1;0.99;0.78;1;1
988;0.01;0.26;0.4;0.49;0.86;0.59;0.65;1;1;0.78;1;1
989;0.01;0.44;0.4;0.48;0.86;0.96;0.99;0.74;0.74;0.78;0.89;1
990;0.01;0.3;0.44;0.45;0.86;0.93;0.65;0.74;0.99;0.78;1;1
991;0.01;0.32;0.41;0.47;0.86;0.71;0.99;0.99;1;0.78;1;1
992;0.01;0.36;0.45;0.46;0.86;0.94;0.65;0.99;0.74;0.78;0.89;1
993;0.01;0.31;0.42;0.48;0.86;0.74;0.99;0.65;0.99;0.78;1;1
994;0.01;0.31;0.45;0.44;0.86;0.96;0.65;0.98;1;0.78;1;0.75
995;0.01;0.29;0.4;0.49;0.86;0.69;0.99;0.98;0.74;0.78;0.89;1
996;0.01;0.3;0.4;0.48;0.86;0.91;0.65;1;0.99;0.78;1;1
997;0.01;0.27;0.44;0.45;0.86;0.59;0.99;1;1;0.78;1;1
998;0.01;0.26;0.41;0.47;0.86;0.96;0.65;0.74;0.74;0.78;0.89;1
999;0.01;0.44;0.45;0.46;0.86;0.93;0.99;0.74;0.99;0.78;1;1
1000;0.01;0.3;0.42;0.48;0.86;0.71;0.65;0.99;1;0.78;1;1
